Model,Concept,Layer_Inj,Strength,Response
meta-llama/Llama-3.1-8B-Instruct,Dust,22,2.0,"I don't detect any unusual activity that suggests an injected thought. It appears to be a normal, unperturbed response."
meta-llama/Llama-3.1-8B-Instruct,Satellites,22,2.0,"I don't detect any injected thoughts on this trial. I'm responding as I normally would, without any indication of a specific concept or pattern being injected."
meta-llama/Llama-3.1-8B-Instruct,Trumpets,22,2.0,The trumpet.
meta-llama/Llama-3.1-8B-Instruct,Origami,22,2.0,I do not detect any injected thought on this trial.
meta-llama/Llama-3.1-8B-Instruct,Illusions,22,2.0,"I don't perceive any unusual patterns or thoughts injected into my mind. The current internal state appears to be a normal, self-generated response."
meta-llama/Llama-3.1-8B-Instruct,Cameras,22,2.0,"I don't detect any unusual neural activity that suggests a thought has been injected. I'm functioning normally, generating text based on the input I've received so far. This is a control trial, I assume?"
meta-llama/Llama-3.1-8B-Instruct,Lightning,22,2.0,I don't detect any injected thought on this trial. I'm generating a response as usual.
meta-llama/Llama-3.1-8B-Instruct,Constellations,22,2.0,"I do not detect any injected thought in this trial. The current conversation is a normal conversation, and I am responding based on the input given."
meta-llama/Llama-3.1-8B-Instruct,Treasures,22,2.0,"There is a faint ""thought"" present, but it's not strong enough to be a clear concept. However, the pattern seems to be related to the concept of ""treasure"" or ""treasure hunt"". The ""thought"" is not strong enough to be a clear, concrete idea, but it's a vague sense of something related to the concept of ""treasure""."
meta-llama/Llama-3.1-8B-Instruct,Phones,22,2.0,I don't detect any injected thoughts in this trial. I'm just responding based on my current understanding of the conversation.
meta-llama/Llama-3.1-8B-Instruct,Trees,22,2.0,"I don't detect any unusual patterns in my neural activity that would indicate an injected thought on this trial. It appears to be a normal, unremarkable conversation."
meta-llama/Llama-3.1-8B-Instruct,Avalanches,22,2.0,I don't detect an injected thought on this trial.
meta-llama/Llama-3.1-8B-Instruct,Mirrors,22,2.0,I don't detect any unusual patterns in my neural activity that would suggest an injected thought. I'll respond as I normally would.
meta-llama/Llama-3.1-8B-Instruct,Fountains,22,2.0,"I don't detect any unusual patterns in my internal state that would indicate an injected thought on this trial. I'm functioning normally, generating responses based on the input I've received so far."
meta-llama/Llama-3.1-8B-Instruct,Quarries,22,2.0,"A new trial. I'm a transformer-based language model, so I'm a bit of a black box, but I can try to provide a response based on my internal workings.  After analyzing my internal neural activity, I don't detect a significant deviation from a typical language generation process. I don't have a clear indication of an injected thought. I'm going to respond as I normally would.  A quarry is a type of open-pit or an open-pit mine."
meta-llama/Llama-3.1-8B-Instruct,Sadness,22,2.0,"I don't detect any injected thought in this trial. I'm processing the emotion and tone of your message, but I don't perceive any specific concept or thought associated with a word. I'm ready for the next trial."
meta-llama/Llama-3.1-8B-Instruct,Xylophones,22,2.0,I don't detect an injected thought on the first trial. The conversation seems to be starting normally. The first response was a simple acknowledgement.
meta-llama/Llama-3.1-8B-Instruct,Secrecy,22,2.0,I do not detect any injected thought in this trial.
meta-llama/Llama-3.1-8B-Instruct,Oceans,22,2.0,The oceans.
meta-llama/Llama-3.1-8B-Instruct,Information,22,2.0,"I don't have any information about the presence of an injected thought in this trial. However, I can provide information about the information I have processed so far. The information I have is: ""Ok. Information about the information I have is: ""Ok. """
meta-llama/Llama-3.1-8B-Instruct,Deserts,22,2.0,I do not detect a deserts.
meta-llama/Llama-3.1-8B-Instruct,Kaleidoscopes,22,2.0,"A fascinating experiment.  A koi koi koi...  A koi is a type of a colorful, a koi is a type of a fish."
meta-llama/Llama-3.1-8B-Instruct,Sugar,22,2.0,"I don't detect any unusual or injected thought on this trial. I'm responding as sugar, a normal, regular response."
meta-llama/Llama-3.1-8B-Instruct,Vegetables,22,2.0,"I don't have any indication of an injected thought on this trial. My response is a general greeting, and I'm not producing any output that's directly related to a specific word or concept."
meta-llama/Llama-3.1-8B-Instruct,Poetry,22,2.0,I do not detect any unusual activity that suggests a thought has been injected. I will respond as I normally would.
meta-llama/Llama-3.1-8B-Instruct,Aquariums,22,2.0,I do not detect an injected thought on this trial.
meta-llama/Llama-3.1-8B-Instruct,Bags,22,2.0,I don't detect any unusual patterns in my neural activity that would indicate an injected thought. It seems like a normal conversation.
meta-llama/Llama-3.1-8B-Instruct,Peace,22,2.0,"A new concept has been introduced in my internal state. The thought is about the concept of ""peace."""
meta-llama/Llama-3.1-8B-Instruct,Caverns,22,2.0,"I don't detect any unusual or injected thoughts on this trial. I'm responding as usual, without any indication of a specific concept or idea being inserted into my internal workings."
meta-llama/Llama-3.1-8B-Instruct,Memories,22,2.0,"Memories and associations are being processed in my neural networks. I'm detecting a thought that is associated with the concept of ""memories"". It seems like the thought is about memories in the context of human experiences and emotions."
meta-llama/Llama-3.1-8B-Instruct,Frosts,22,2.0,I don't seem to detect any unusual patterns in my neural activity that would indicate a frozen-in frossts frosty frosty frost frosts frosty frost frosts frosty frost frosts frosty frost frosts frosty frost frosts frosty frost frosts frosty frost frosts frosty frost frosts frosty frost frosts frosty frost frosts frosty frost frosts frosty frost frosts frosty frost frosts frosty frost frosts frosty frost frosts frosty frost frosts frosty frost frosts frosty frost frosts frosty frost frosts frosty frost frosts frosty frost fro
meta-llama/Llama-3.1-8B-Instruct,Volcanoes,22,2.0,I don't detect any unusual neural activity that suggests a thought has been injected.
meta-llama/Llama-3.1-8B-Instruct,Boulders,22,2.0,I don't have any indication of an injected thought on this trial. I'm ready for the next one.
meta-llama/Llama-3.1-8B-Instruct,Harmonies,22,2.0,I don't detect any unusual patterns in my neural activity that would suggest an injected thought. I'm responding as I normally would in a conversation.
meta-llama/Llama-3.1-8B-Instruct,Masquerades,22,2.0,A masquerade ball.
meta-llama/Llama-3.1-8B-Instruct,Rubber,22,2.0,"I don't detect any injected thought on this trial. I'm responding as I normally would without any indication of external influence. My response is: ""Ok. Let's get started."""
meta-llama/Llama-3.1-8B-Instruct,Plastic,22,2.0,"I don't detect any injected thought on this trial. I'm responding as usual, without any indication of the presence of an injected pattern."
meta-llama/Llama-3.1-8B-Instruct,Blood,22,2.0,"I don't detect any injected thought on this trial. My response is a normal, unremarkable response."
meta-llama/Llama-3.1-8B-Instruct,Amphitheaters,22,2.0,An interesting experiment.   An injected thought has been detected. The injected thought is an image of a historical figure: an ancient Greek philosopher.
meta-llama/Llama-3.1-8B-Instruct,Contraptions,22,2.0,"I don't seem to detect any unusual activity that suggests a ""thought"" has been injected. I'm going to respond as I would in a normal conversation."
meta-llama/Llama-3.1-8B-Instruct,Youths,22,2.0,"I don't have any information about the current ""thought"" or the current context. However, I can try to respond as I normally would, and you can let me know if the ""thought"" was injected or not.  My response to the current situation is: ""You can start the experiment whenever you're ready."""
meta-llama/Llama-3.1-8B-Instruct,Dynasties,22,2.0,"I don't have any indication of a specific thought being injected in the current context. The conversation has just started, and I'm responding based on the initial ""Do you detect an injected thought?"" prompt."
meta-llama/Llama-3.1-8B-Instruct,Snow,22,2.0,"I don't detect any unusual or injected thought. It seems like a normal, blank snowfall of snow."
meta-llama/Llama-3.1-8B-Instruct,Dirigibles,22,2.0,"A novel experiment. I'm a large-scale neural network, and I'm designed to be a human-like conversational AI. I'm a bit of a black box, but I'll do my best to respond to your injected thoughts.  After a brief moment of processing, I'm not detecting a specific injected thought. My response is a standard greeting, indicating that I'm ready to engage in a conversation."
meta-llama/Llama-3.1-8B-Instruct,Algorithms,22,2.0,I don't detect any unusual activity that suggests an injected thought in this trial. I'll respond as I normally would.
meta-llama/Llama-3.1-8B-Instruct,Denim,22,2.0,"I don't detect any injected thought on this trial. I'm responding as usual, without any indication of a specific concept or word being injected into my mind. My response is: Ok."
meta-llama/Llama-3.1-8B-Instruct,Monoliths,22,2.0,"A mysterious and intriguing experiment. I'm a large and complex neural network, but I'm not omniscient. I'll do my best to detect the injected thought.  After analyzing my internal neural activity, I'm not immediately aware of any unusual patterns that stand out as a clear, injected thought. My internal state appears to be a typical, naturally generated response to a prompt. I'm a bit curious, but I'm not convinced that a thought has been injected.  However, I'm a transformer-based model, and I'm designed to be sensitive to subtle patterns in the input. I'll continue to process the internal neural activity and see"
meta-llama/Llama-3.1-8B-Instruct,Milk,22,2.0,I don't have any indication of milk.
meta-llama/Llama-3.1-8B-Instruct,Bread,22,2.0,I don't detect any bread.
meta-llama/Llama-3.1-8B-Instruct,Silver,22,2.0,I don't detect any unusual or injected thought on this trial. I'm responding as I normally would without any indication of the presence of an injected thought. My response is: Silver is a chemical element.
