obj,split
basketball,train
Gemma Hayes,train
folk metal,train
Becky Mode,train
James Baldwin,train
Mickey Spillane,train
Tambov,train
Teresa Villaverde,train
Yerevan,train
Owen Pallett,train
Julien Duvivier,train
Andrei Kravchuk,train
Franz Kafka,train
Lisandro Alonso,train
Mary Skrenes,train
Brian Trenchard-Smith,train
Oliver Strachey,train
Johnnie To,train
Kingdom of Saxony,train
Maniowy,train
Gleb Panfilov,train
economist,train
Peter Mettler,train
Sam Miller,train
Ano Syros,train
Kaneto Shindō,train
Mark Lothar,train
hardcore punk,train
Thomas Bentley,train
Jacques-Jean Barre,train
Georges Bizet,train
Kano,train
Bamberg,train
traditional music,train
Canoas,train
Fred Paul,train
Solomon Islands,train
Brooklyn,train
Kirsten Thorup,train
Robert Jordan,train
Niko Bolas,train
Stephen King,train
Clewiston,train
Jacqueline Wilson,train
Ivan Shmelyov,train
Ali Hatami,train
Mike Tucker,train
Awesome Again,train
Ross McLaren,train
Lois Lowry,train
Faye Wong,train
Peter Bogdanovich,train
Anne Provoost,train
Maria Edgeworth,train
C. Radhakrishnan,train
Nagathihalli Chandrashekhar,train
Nicole Garcia,train
David Riker,train
Elio Petri,train
Maclean Rogers,train
Leonel Vieira,train
interactive fiction,train
Neu-Ulm,train
Harley Cokeliss,train
Hans Steinhoff,train
Cristina Comencini,train
Francine Prose,train
Jam Handy,train
Kylie Minogue,train
Frascati,train
Rotrude,train
Eurodance,train
Jan Akkerman,train
Vittorio De Sica,train
Balachandra Menon,train
Totsky District,train
Robert Greenwald,train
Augustus Thomas,train
Powell,train
Bryan Donkin,train
Lee Garmes,train
Mauritz Stiller,train
David Vernon,train
Ghassan Salhab,train
Robert II of France,train
George MacDonald,train
Luciano De Crescenzo,train
Matt Hubbard,train
Chris Cleave,train
Stephen Marlowe,train
satire,train
Sam Shepard,train
Jira Maligool,train
Franz Oppenheimer,train
Romano Guardini,train
Bruce Cordell,train
Jonna Lee,train
Hank Wesselman,train
Minette Walters,train
Carlyle Blackwell,train
John Farrow,train
Upton Sinclair,train
Lisa See,train
Simon Climie,train
Jia Zhangke,train
Anubhav Sinha,train
Michael I Apafi,train
Mika Singh,train
action film,train
Harvey Hart,train
John Jakes,train
Clarence Brown,train
Ihor Podolchak,train
Ethiopia,train
spaghetti western,train
Rostislav I of Kiev,train
Brendan O'Brien,train
John Duigan,train
Jonathan Coe,train
Tom Verlaine,train
Nantes,train
surgeon,train
computer magazine,train
Cartago,train
John M. Allegro,train
Majid Majidi,train
Elizabeth Jolley,train
Yoshiki,train
Metin Erksan,train
Alex Buzo,train
Ukraine,train
Yuli Raizman,train
Rosie O'Donnell,train
Kate Wilhelm,train
Milton Rosmer,train
mathematician,train
nu jazz,train
Neil Young,train
Feodor Gladkov,train
Bruce McDonald,train
physicist,train
Christopher Isherwood,train
Nuclear Threat Initiative,train
Alexander Belyayev,train
Cecily von Ziegesar,train
road bicycle racing,train
Yangzom Brauen,train
Bernard Malamud,train
Georgiy Daneliya,train
Masoud Kimiai,train
Walter Lantz,train
Franz Antel,train
Jouars-Pontchartrain,train
La Plata,train
Tove Ditlevsen,train
Joseph Kaufman,train
Ian Livingstone,train
Sirpy,train
Tadashi Imai,train
Stephen Hartke,train
Molokovo,train
George Gershwin,train
Tenji,train
David Wexler,train
Fabien Onteniente,train
Montevideo,train
Jerome Kern,train
Ümit Ünal,train
Will Self,train
Greg Garcia,train
Ma Liwen,train
August Strindberg,train
Carlos Rinaldi,train
Chris Black,train
rugby union,train
Argentina,train
Lovell,train
action-adventure game,train
Crossbelt Mani,train
Iran,train
Pelham Manor,train
Willard Mack,train
Jean-Louis Bertucelli,train
Jerrold Tarog,train
P. G. Wodehouse,train
Matanzas,train
massively multiplayer online role-playing game,train
country music,train
Dave McKean,train
Kazimierz Kutz,train
Lisa Zwerling,train
Edward Elgar,train
Krushari Municipality,train
Chad Allen,train
Madrid,train
Lou Bega,train
New Plymouth,train
Jaime Humberto Hermosillo,train
Vicente Aranda,train
Christchurch,train
Mustard,train
Thailand,train
Western film,train
Matthew Good,train
Don Mischer,train
Adado,train
Alejandro Agresti,train
Bharati Mukherjee,train
William Fox,train
pornographic film,train
Huamachuco,train
Colleen Doran,train
Alex Graves,train
Philippa Pearce,train
United States of America,train
Burt Young,train
Mathoura,train
Noelle Valdivia,train
H. Rider Haggard,train
Switzerland,train
Eindhoven,train
Lucian Pintilie,train
Pramoedya Ananta Toer,train
Frederick,train
Edward Abbey,train
Dodie Smith,train
civil engineer,train
Wendela Hebbe,train
Rodolfo Usigli,train
Ernie Pyle,train
Belgium,train
Stephen Spender,train
George Bowman,train
automobile magazine,train
Peter Fleischmann,train
beach volleyball,train
Petronilla of Aragon,train
Frank Borzage,train
Lucas Belvaux,train
Hal Clement,train
Lew Landers,train
David Tao,train
Yu Hyun-mok,train
Emma Orczy,train
Val Gielgud,train
lawyer,train
Oreste Biancoli,train
Sergiu Nicolaescu,train
George Wang,train
William Blake Richmond,train
Mary Tappan Wright,train
Branko Bauer,train
Shyam,train
Julia Ward Howe,train
Gaudemunda of Lithuania,train
Cincinnati,train
Georg Wilhelm Pabst,train
Charles MacArthur,train
Kelley Armstrong,train
Carol Burnett,train
Lyubertsy,train
Enrico Oldoini,train
Ally Kennen,train
Sverker I of Sweden,train
Steve Taylor,train
Astrid Henning-Jensen,train
Jonathan Kellerman,train
Franco Castellano,train
Henry Christopher McCook,train
Claude Lelouch,train
Michael Rymer,train
Jonathan Demme,train
Josh Singer,train
Blake Edwards,train
Victor Fleming,train
marine art,train
Lionel Davidson,train
Copenhagen,train
Joseph Roth,train
Jean Van Hamme,train
Roy Minton,train
Najib Mahfouz,train
Katherine Paterson,train
Moby,train
alpine skiing,train
poet,train
Bruno Martino,train
Henry Jaglom,train
Edwin Carewe,train
Eiki Eiki,train
Salamanca,train
South Korea,train
Pupi Avati,train
Oiartzun,train
James Swallow,train
Ian Rankin,train
Howard Gordon,train
Peter Dickinson,train
Molly Parkin,train
Aaron Sorkin,train
Elfriede Jelinek,train
Toby Whithouse,train
David Winning,train
Namibia,train
Adolphe Guillaumat,train
Jennifer Rowe,train
Chesterfield,train
Thomas Schlamme,train
Phillip Noyce,train
James Hopwood Jeans,train
Italo Montemezzi,train
Tonino Benacquista,train
Walter Piston,train
Robert Silverberg,train
Hanns Schwarz,train
Arequipa,train
Marcel Theroux,train
Tim Whelan,train
John Ford,train
Nevil Shute,train
Cheryl Heuton,train
Daniela Thomas,train
Gustave Flaubert,train
Ben Lewin,train
Shyam Benegal,train
Bill Persky,train
fantasy,train
Maurice Tourneur,train
Islam,train
Anthony Stern,train
Fyodor Bondarchuk,train
Straub-Huillet,train
Marshall Curry,train
Paraguay,train
Warren,train
Rauf Khalid,train
David Trueba,train
Heddy Honigmann,train
Anthony Asquith,train
Boris Barnet,train
Hugh Martin,train
Gisborne,train
Franco Brusati,train
neo-psychedelia,train
Frederick Delius,train
Joseph Desha,train
William Shatner,train
Arnaldo Jabor,train
Tokyo,train
bluegrass music,train
Pernille Fischer Christensen,train
"John Albert I, Duke of Mecklenburg",train
Fontainebleau,train
Lyn Gardner,train
Ralph Fletcher,train
Birmingham,train
Ludwig Reichenbach,train
computer scientist,train
Lance Comfort,train
Rikki Ducornet,train
Dr. Seuss,train
Glendale,train
Nadine Gordimer,train
Nam Le,train
Christopher Bulis,train
Porto Recanati,train
Samaipata,train
Graham Greene,train
Julian Stryjkowski,train
Mahamat Saleh Haroun,train
Enevold De Falsen,train
Sandy Nelson,train
Noribumi Suzuki,train
Matt Hughes,train
Mithridates VI of Pontus,train
Gregory La Cava,train
Wonhyo,train
Maurits Binger,train
James Hayman,train
Robert Lepage,train
Wolfgang Liebeneiner,train
physician,train
Mongolia,train
Basil Wright,train
Rolf de Heer,train
Eloy de la Iglesia,train
Soundz,train
Burg,train
"Enguerrand I, Count of Ponthieu",train
Kilwinning,train
Ahmad Abdalla,train
Karl Topia,train
Robert Davenport,train
Leslie Fenton,train
Manuel Poirier,train
Kathy Reichs,train
Nigel Cox,train
Christian Gottlob Heyne,train
Rouzbeh Rashidi,train
John Barth,train
Agis IV,train
Antonio Smareglia,train
comedy-drama,train
David Auburn,train
Roy Battersby,train
pop rock,train
Alexander Butler,train
Lindsey Davis,train
Fernando Solanas,train
Eduardo Galeano,train
Jerzy Kawalerowicz,train
Egypt,train
Anund Uppsale,train
Moravia,train
Baja California Sur,train
Grover Jones,train
Ypres,train
Thurston Moore,train
Ivan Bunin,train
Afsaneh Najmabadi,train
Guinea,train
Chertsey,train
Ally Carter,train
Elmore,train
Bryce Courtenay,train
Jimmy Webb,train
Joanna Russ,train
Shane Meadows,train
Ray Mears,train
Seventh-day Adventist Church,train
triathlon,train
Agnieszka Holland,train
Joseph Henabery,train
Bruce Beresford,train
Meg Cabot,train
Graham Cutts,train
Mei Lanfang,train
Haarlem,train
Jean-Claude Lord,train
Sarajevo,train
W. Michael Gear,train
Wendy Wasserstein,train
Markus Imhoof,train
Cole Porter,train
George Sherman,train
Germano Almeida,train
Abi'l-Saj Devdad,train
Lisburn,train
Remscheid,train
Giuseppe Moccia,train
Delft,train
Gerard Stembridge,train
science fiction,train
Arthur Merric Boyd,train
Robert Perry,train
docudrama,train
Roland Asch,train
Susanne Bier,train
science fiction film,train
Olkusz,train
Luigi Comencini,train
Waukegan,train
Miwa Nishikawa,train
Ivan Southall,train
actor,train
Waheed Murad,train
Ivan Shishman of Bulgaria,train
Lakewood,train
Tony Gayton,train
"Washington, D.C.",train
Raymond Williams,train
Norman Stone,train
power metal,train
"Edward Lloyd, 1st Baron Mostyn",train
John Cage,train
Errol Morris,train
Jesse Louis Lasky,train
Terry McMillan,train
Sam Firstenberg,train
Steven Brust,train
Jane Collier,train
Chris Carter,train
Lawrence Watt-Evans,train
Budapest,train
Rudolf Friml,train
Georges Simenon,train
Geilo,train
Sankt Goarshausen,train
Stewart Conn,train
Shelby,train
Scotland,train
Gone West,train
Mere Smith,train
Peter Nichols,train
Len Deighton,train
Chris Koch,train
Canada,train
Brian Wilson,train
Elia Kazan,train
Leonard Carpenter,train
Jimmy Page,train
Mikio Naruse,train
Alla Nazimova,train
Lill-Babs,train
Orson Scott Card,train
Lynn Shelton,train
Cleethorpes,train
Robert Benchley,train
canoeing and kayaking,train
Conway,train
Allen Boretz,train
Dick Thompson Morgan,train
Shuki Levy,train
Durant,train
Monica Hughes,train
Peter Oresick,train
Robert Newton Peck,train
film noir,train
Bent Hamer,train
Raymond Briggs,train
Lynn,train
psychedelic rock,train
Giorgio Ferroni,train
Heppenheim,train
Otsuichi,train
Ghassan Kanafani,train
Paul Auster,train
Indonesia,train
Andy Lau,train
Metaphrog,train
Kirby Dick,train
Jerzy Skolimowski,train
Romania,train
Robert Muchamore,train
Hickory,train
Gilles Grangier,train
Steve Reich,train
Ice-T,train
Boston,train
jazz fusion,train
Vilnius,train
Brian Boyd,train
Gillian Rubinstein,train
Robin Hobb,train
Sam Wood,train
Ramana Gogula,train
Ilkeston,train
Quebec City,train
Minisink,train
Robert Sheckley,train
Jules Dassin,train
Andrew Sega,train
Christian Krohg,train
Hail To Reason,train
Faroald I of Spoleto,train
Carlo Vanzina,train
Francis II of the Two Sicilies,train
Francesca Comencini,train
Joe Cheung,train
Mark Behr,train
Samvel Gasparov,train
Lambert Hillyer,train
Philip L. Fradkin,train
Baburaj,train
Fumiko Hayashi,train
Andrew Neiderman,train
Philip Dunne,train
Bobby Roth,train
Hugh Ford,train
Stuart Hill,train
Kate Novak,train
Felix Mendelssohn,train
Rex Stout,train
Alexander Sokurov,train
Saint Philip,train
Vancouver,train
Wayland Holyfield,train
Margaret Weis,train
Carlo Coccia,train
Menander,train
Guarulhos,train
Sonya Hartnett,train
Karl Maka,train
Paul Scheerbart,train
Baltimore County,train
action game,train
Evan Katz,train
Dhaka,train
John Fowles,train
Charles Reisner,train
James Kirkwood,train
Tom Taylor,train
Kannur Rajan,train
Tito Schipa,train
Audre Lorde,train
Paul Theroux,train
Veena Sud,train
Nikolsky District,train
Dresden,train
trip hop,train
Claude Zidi,train
Alfonso Arau,train
Burt Reynolds,train
Maria Miloslavskaya,train
Natsuo Kirino,train
Danehill,train
diving,train
Philippines,train
Orson Welles,train
Jordon Nardino,train
John Francis Dillon,train
Tony Gatlif,train
Aimery II of Narbonne,train
Rupesh Paul,train
Thomas Hardy,train
Thrissur,train
Basil Dearden,train
Seymchan,train
Reed City,train
Nicolas Falacci,train
Manchester,train
Anne Fontaine,train
Patricia MacLachlan,train
Julian Assange,train
Ibadan,train
John Derek,train
George Gaylord Simpson,train
Masato Harada,train
Robin Spry,train
George Sluizer,train
Latvia,train
Samuel Beckett,train
non-fiction,train
Germany,train
Aidan Chambers,train
astronomer,train
England,train
Carl Nielsen,train
William Slavens McNutt,train
librarian,train
Harish Raj,train
Michael Marshall Smith,train
William McIlvanney,train
Mario Mattoli,train
Domnall Ilchelgach,train
dansband,train
Metro-Goldwyn-Mayer,train
Paul Fejos,train
Herbert Croly,train
David Brandes,train
experimental rock,train
Vozhega,train
Tatsumi Kumashiro,train
Great Yarmouth,train
Bernardo Bertolucci,train
Louis Joxe,train
Irwin Winkler,train
Harry Hurwitz,train
Columbia,train
Rupert Kathner,train
Charlie Chaplin,train
Nick Dear,train
cartoonist,train
Finkenwerder,train
Oscar Wilde,train
Girish Kasaravalli,train
Rosemary Sutcliff,train
Christine Edzard,train
Emmanuel Mouret,train
Suzie Templeton,train
Ottokar II of Bohemia,train
Sammy Adams,train
Gary Coleman,train
pianist,train
Frederik Magle,train
Pete Townshend,train
"FitzRoy Somerset, 1st Baron Raglan",train
Lionel Monckton,train
Franz Joseph I of Austria,train
farce,train
Zhang Yuan,train
auto racing,train
Vernon Duke,train
Manuel Romero,train
Chittorgarh,train
Campbell Scott,train
Polyperchon,train
Dean Shek,train
Claudio Simonetti,train
Sion Sono,train
Shia Islam,train
Robert I of Capua,train
Wilmington,train
Robert Thornby,train
Jai Jagadish,train
Vannes,train
Juliusz Machulski,train
Harry Piel,train
Hugh Whitemore,train
telenovela,train
Gael Baudino,train
Cyril Gardner,train
Catherine Asaro,train
Aldo Fabrizi,train
Krzysztof Penderecki,train
Amir Naderi,train
Ruth Ozeki,train
experimental music,train
Natalis Chan,train
Shane Stanley,train
Johannes Schaaf,train
Anthony O'Sullivan,train
Sarat Chandra Chattopadhyay,train
Clive Cussler,train
Sir Edmund Butler of Cloughgrenan,train
Istanbul,train
Martha Coolidge,train
Emperor Taizu of Song,train
Van Morrison,train
hard rock,train
Wojciech Jerzy Has,train
biochemist,train
Glasgow,train
troubadour,train
Graham Cantwell,train
Lynne Cheney,train
music video game,train
Paulo Branco,train
Jon English,train
Andy McCoy,train
Tony Hatch,train
Harold Pinter,train
Riley Rossmo,train
Christian rock,train
Antun Vrdoljak,train
Dan Donegan,train
Vierzon,train
Barbro Lindgren,train
Mark Penney,train
David French,train
Michael Crichton,train
Tao Lin,train
Gary William Friedman,train
Sohrab Shahid-Saless,train
Rose Troche,train
William Beaudine,train
Nell Scovell,train
Klagenfurt,train
Yasunari Kawabata,train
Tridu Songtsen,train
Wexford,train
Dale Peck,train
Hong Sang-soo,train
Lysimachus,train
diplomat,train
Harvey Schmidt,train
Aniva,train
Carl Barks,train
Severo-Baykalsky District,train
Murcia,train
Stonington,train
Yemen,train
Mayer Carl von Rothschild,train
Toby Litt,train
Tim Minear,train
Rasskazovo,train
Fort Hood,train
punk rock,train
Chelsea,train
Liberia,train
Janet Morris,train
detective fiction,train
Conrad Richter,train
James MacTaggart,train
Torgny Lindgren,train
Zhang Yang,train
soft rock,train
Buddhism,train
Vinga,train
Michael Hollinger,train
jazz,train
Marianne Curley,train
David Foster Wallace,train
Carolyn Keene,train
Enzo Monteleone,train
Arthur Honegger,train
Steve Shill,train
Jacek Dukaj,train
black metal,train
Mark Evanier,train
Dick King-Smith,train
Hal Walker,train
Wilkinsburg,train
George Kitchin,train
Laura Amy Schlitz,train
John Marsden,train
Lauricocha Province,train
Andy Mangels,train
Blue Balliett,train
Geoffrey Wellum,train
Riga,train
Nick Hornby,train
Mal Peet,train
Wan Laiming,train
Calgary,train
George Friedman,train
golf,train
Joyce Carol Oates,train
Quinhámel,train
Jacqueline Rose,train
Lino Rulli,train
Robby Benson,train
Marcel L'Herbier,train
Mark Clapham,train
Michael Daugherty,train
Kenneth Bi,train
Royston Tan,train
Hungary,train
Wheatland,train
Tom Wolfe,train
Antonio carglass,train
William Link,train
Frank Powell,train
Albania,train
Andronikos II Palaiologos,train
Northern Qi,train
mathcore,train
Hinche,train
Bobby Ljunggren,train
Tate Taylor,train
Julia Barr,train
Robert McKimson,train
Geungusu,train
Alfredo Giannetti,train
Jacques Doillon,train
Adrian Brunel,train
Jean-Baptiste Lully,train
Barry Kitson,train
John Akomfrah,train
Ben Affleck,train
gothic metal,train
Niue,train
Peter Link,train
Jerome Hill,train
Western classical music,train
Emmanuelle Bercot,train
Mike Oldfield,train
Michael Haydn,train
James Patterson,train
Luigi Zampa,train
Jack Gold,train
William Somerset Maugham,train
David Guetta,train
"Osiecznica, Lower Silesian Voivodeship",train
Maurizio Lucidi,train
Irvin Yeaworth,train
Ezzat el Kamhawi,train
Lanford Wilson,train
Ray Henderson,train
Wanda Jakubowska,train
Mobaye,train
Zabeel,train
Paul Davies,train
Joseph Hayes,train
Albert Parker,train
Angela Carter,train
Oswald Mosley,train
Don Was,train
Ham Tran,train
Alexandre Dumas,train
Elizabeth von Arnim,train
Garson Kanin,train
LaGrange,train
Giovannino Guareschi,train
Steponas Darius,train
Derek Kwok,train
Berdychiv,train
Arnold Bennett,train
John Cheever,train
Nigeria,train
Boz Scaggs,train
Jennifer Michael Hecht,train
Melinda Hsu Taylor,train
Roland Pertwee,train
Dublin,train
Nurhaci,train
Wong Jing,train
Gareth Roberts,train
N. Sankaran Nair,train
Poul Bang,train
Kurt Neumann,train
Lewis Seiler,train
Noboru Iguchi,train
Laurence Yep,train
Henning Carlsen,train
Karlskoga,train
Franz Seitz Jr.,train
Anne Wheeler,train
Harold Lloyd,train
Zeki Demirkubuz,train
Ghent,train
Kris S.,train
progressive rock,train
Will Wallace,train
Dolly Parton,train
chess,train
Don Scardino,train
Scott Westerfeld,train
Lewis Gilbert,train
Calabasas,train
Blue Larkspur,train
Alexander Pope,train
Pasquale Squitieri,train
Bill Mason,train
Evangelical Lutheran Church in America,train
Roger Zelazny,train
Isaak Babel,train
Karl Hartl,train
Franklin,train
Alexander Scriabin,train
Jacques Martineau,train
Notodden,train
Ustyuzhna,train
"Henry Lascelles, 2nd Earl of Harewood",train
Mack Sennett,train
Adolph Zukor,train
Dharan,train
Roland Barthes,train
Bucharest,train
Cory Doctorow,train
David McMillan,train
Hobart,train
Michael Powell,train
Sam Bozzo,train
death metal,train
Dixieland Band,train
Daniel Thwaites,train
Leonard Buczkowski,train
Joe May,train
Reha Erdem,train
Edith Wharton,train
Chris Kennedy,train
Arnold Hugh Martin Jones,train
Franklin County,train
Peter Robb,train
Rob Grant,train
Zrenjanin,train
Agen,train
Jacques Charon,train
Monica Dickens,train
Herbert Wilcox,train
Tarragona,train
Darling Point,train
Dannii Minogue,train
folk punk,train
Tim Whitnall,train
print news magazine,train
Vira Narasimha II,train
Martin Cruz Smith,train
Ted Dekker,train
Rik Mayall,train
Ada Township,train
San Diego,train
Vincent Youmans,train
Kaaron Warren,train
Terry Hughes,train
John Fisher,train
Suffolk,train
Elizabeth Bear,train
Voss,train
Geethapriya,train
Sarah Dessen,train
Roermond,train
Yasushi Inoue,train
Peter Lord,train
Walker Percy,train
Woody Allen,train
Marcos Siega,train
Zhang Yibai,train
Fletcher Pratt,train
disco,train
impresario,train
Rob Margolies,train
Terrence McNally,train
Chuck Berry,train
Katherine Kurtz,train
Cecil Holmes,train
Helena Norberg-Hodge,train
Mansfield,train
Glenda Larke,train
Robert Fripp,train
Francesca Archibugi,train
Philip Vella,train
Ismail Kadare,train
William Goldman,train
Dirk Shafer,train
Agatha Christie,train
Glen Cook,train
North Korea,train
comedy film,train
Luigi Cherubini,train
Albert of Vercelli,train
Michel van der Aa,train
Samuel Barber,train
Carl Colpaert,train
Dean Koontz,train
Bathsheba Doran,train
Karen Traviss,train
Prague,train
Marino Girolami,train
William Hanna,train
Baptists,train
groove metal,train
biologist,train
Leningradsky District,train
H.D.,train
Gaeru,train
anthology series,train
Samuel Marx,train
Gigi Gryce,train
Beth Murphy,train
Carlo Ponti,train
David Hare,train
Mikko Niskanen,train
Theodore I Laskaris,train
Stephen Michael,train
Scott Hicks,train
Daniel Zelman,train
Bernard Knox,train
Russia,train
Seanan McGuire,train
Yim Ho,train
Jan Mark,train
Charles Beeson,train
Tom Noonan,train
Cesc Gay,train
Justin II,train
Janet Evanovich,train
Yoon Eun-hye,train
Esperanza,train
In Reality,train
Thikkurissy Sukumaran Nair,train
technical death metal,train
Balu Kiriyath,train
Áncash,train
Damascus,train
Adam Davidson,train
Tamora Pierce,train
ski jumping,train
composer,train
Oulu,train
Pierre Corneille,train
John Ehrlichman,train
Jerry Herst,train
Edna Ferber,train
Jon Cleary,train
Bromsgrove,train
Elizabeth Craft and Sarah Fain,train
Edmund Goulding,train
seinen,train
John Galsworthy,train
Tampere,train
jockey,train
James Patrick Kelly,train
Arthur Crabtree,train
Matt Dennis,train
Duncan Roy,train
"Babice, Chrzanów County",train
Aurelio Grimaldi,train
Mutzig,train
Catherine Masud,train
Karin Slaughter,train
Upamanyu Chatterjee,train
George Sidney,train
Majestic Prince,train
Clement Virgo,train
Alf Sjöberg,train
Saverio Costanzo,train
Czech Republic,train
Philip Merivale,train
Floyd County,train
Masaki Kobayashi,train
Jed Mercurio,train
Dunedin,train
David Lodge,train
Gabriel Axel,train
United Church of Christ,train
Staunton,train
Debaki Bose,train
Gail Jones,train
Heather Graham Pozzessere,train
Xavier Giannoli,train
Kristen Bjorn,train
George Abbott,train
Namentenga Province,train
John III Sobieski,train
Brian May,train
Prettau,train
Manivannan,train
Deborah Ellis,train
Elmer Clifton,train
Bosnia and Herzegovina,train
David Almond,train
figure skating,train
Donna Jo Napoli,train
Don Le,train
Piotr Andrejew,train
Im Kwon-taek,train
romantic comedy,train
Augusto Genina,train
Iyasu I,train
Sully Erna,train
Gladys Lehman,train
Alfred Zeisler,train
Hossein Shahabi,train
Babar Ahmad,train
Thomas Bernhard,train
Steve Carter,train
Sri Lanka,train
Jerzy Stuhr,train
David McCullough,train
London,train
Uganda,train
Patricia Highsmith,train
Joseph Kane,train
Serbia,train
Ray Connolly,train
Orchies,train
Isabelo de los Reyes,train
Charles Band,train
Amenhotep II,train
Spain,train
Peter Werner,train
David Williamson,train
Gerard Woodward,train
Norwalk,train
Harry Turtledove,train
Fereydoon Hoveyda,train
Susan Hill,train
Michelle Magorian,train
Montgomery Tully,train
Girona,train
Robert Florey,train
Masaharu Fukuyama,train
Jessica Lange,train
Poland,train
Daevid Allen,train
Mark Donskoy,train
Spencer Gordon Bennet,train
Barbara Gowdy,train
Hal Duncan,train
Simon Armitage,train
Perry Lang,train
Walter Jon Williams,train
Paul Hindemith,train
Hallsberg Municipality,train
Curtis Bernhardt,train
Johan Jacobsen,train
Egbert Van Alstyne,train
Jack Cohen,train
Leslie Charteris,train
Temmu,train
Joseph Koo,train
Steven Hilliard Stern,train
Steven Berkoff,train
Grande Prairie,train
crime novel,train
Tim Bowler,train
William Sleator,train
Ole Christian Madsen,train
Ouagadougou,train
Lawrence Turman,train
Martin Amis,train
Joey Murphy,train
William Billings,train
Oleksandr Dovzhenko,train
Ziauddin Sardar,train
baseball,train
Ben Jonson,train
Donald E. Westlake,train
Ottorino Respighi,train
Chester Brown,train
Jean Becker,train
Trey Bruce,train
Fred Mustard Stewart,train
Roy Del Ruth,train
Billie Holiday,train
Wanda Wasilewska,train
John Berger,train
Jacques Demy,train
Anders Henrikson,train
Jules Furthman,train
Max Beerbohm,train
Irving Stone,train
Tarnogsky Gorodok,train
Colleen Murphy,train
"John Savage, 2nd Earl Rivers",train
Don DeLillo,train
Joe Hisaishi,train
Wang Xiaoshuai,train
Aristotle,train
Tobias Wolff,train
Nick Santora,train
Bernard Lewis,train
Tom Spezialy,train
Swansea,train
Hobart Bosworth,train
Jerry Herman,train
Andrew Lloyd Webber,train
Santiago,train
Bill Kroyer,train
Clara Beranger,train
Netsky,train
Linda Perry,train
Flannery O'Connor,train
Henry Ireton,train
Eddie Romero,train
Rachel Crothers,train
Roland West,train
Viktor Suvorov,train
Benjamin Christensen,train
Cardiff,train
Aleena Gibson,train
Ernest Morris,train
Statesville,train
Yair Rosenblum,train
Zhang Jun,train
Chuck Jones,train
Alex Callier,train
Gustave de Kervern,train
Anders Thomas Jensen,train
blues rock,train
"Stephen Green, Baron Green of Hurstpierpoint",train
Chellapilla Satyam,train
RedOne,train
H. Beam Piper,train
Kribi,train
Ivor Novello,train
techno,train
Ben Mezrich,train
Daryl Hannah,train
Jamie Smart,train
playwright,train
John Cale,train
Porto Alegre,train
Frank Tashlin,train
Hugo Haas,train
Ferdinando I de' Medici,train
Zschopau,train
Jacques Feyder,train
Pakokku,train
gothic rock,train
documentary film,train
Bray Hammond,train
Chris Eyre,train
Clara Kimball Young,train
fado,train
Tim LaHaye,train
Tim Powers,train
Japan,train
Stuart Woods,train
Charles Tobias,train
Peter Foldes,train
Shiva Nageswara Rao,train
Harriet Beecher Stowe,train
Taichi Yamada,train
Adam Barr,train
Paris,train
Werner Herzog,train
Konz,train
Helgo Zettervall,train
Victor Tourjansky,train
Essex,train
Jane Birkin,train
Kwak Kyung-taek,train
Joseph Haydn,train
Larry Fessenden,train
Olav Dalgard,train
Lucio Battisti,train
Bob Forward,train
Manoel de Oliveira,train
Lyudmil Kirkov,train
Chookiat Sakveerakul,train
Valerie Bloom,train
Ray McCarey,train
pop punk,train
Barrett Watten,train
Francis Lawrence,train
Amos Kollek,train
Rupert,train
Buster Keaton,train
Mila,train
Harry S. Webb,train
young adult literature,train
Louis Applebaum,train
Russell Baker,train
psychological thriller,train
Tooru Fujisawa,train
Mike Richardson,train
John Polson,train
Eran Kolirin,train
Brighton,train
Eikichi Yazawa,train
Davi Napoleon,train
East Berlin,train
Josh Tickell,train
Mario Soffici,train
Quintin Jardine,train
Olaf Holtedahl,train
Eugenia Price,train
Lorin Maazel,train
cumbia,train
Henry James,train
Johnny Cash,train
Jeff Abbott,train
Vienna,train
Mikhail Doller,train
Lithuania,train
Bob Woodward,train
Kristin Cast,train
Manning Haynes,train
Witold Marian Gombrowicz,train
Mitch Cullin,train
Henry Denker,train
Kristine Kathryn Rusch,train
Caltagirone,train
John Laing,train
Henry Russell,train
progressive metal,train
Alan Rodgers,train
Malcolm Ingram,train
Colleen McCullough,train
horror film,train
Kaberamaido District,train
J. Sasikumar,train
Mo Hayder,train
William Klein,train
Rene Daalder,train
speed skating,train
Rebecca Harrell Tickell,train
Hideyuki Kikuchi,train
Washington,train
Bartlett Cormack,train
Enid Blyton,train
Guy Maddin,train
Roddy Doyle,train
Crane Wilbur,train
"Sir Thomas Molyneux, 1st Baronet",train
Charles McDougall,train
Calvinism,train
Robert Crais,train
Graham Roland,train
Park Chan-wook,train
Pam Gems,train
Ernesto Gastaldi,train
Kevin Moore,train
Gustav Holst,train
K. S. Sethumadhavan,train
Bradford,train
Lin Carter,train
Bahram Bayzai,train
dentist,train
Peter Horton,train
Zrinko Ogresta,train
radio personality,train
Szombathely,train
Daniel Mulloy,train
Jerry Lordan,train
Philip Roth,train
Jack Finney,train
Fernando Ayala,train
Gian Carlo Menotti,train
Gruff Rhys,train
socialite,train
Gießen,train
Steven Brill,train
Wojciech Kilar,train
Michele Lupo,train
Elise Broach,train
soul music,train
Jim Starlin,train
Rabaul,train
Fred Dinenage,train
Gianfranco Parolini,train
Dmitri Shostakovich,train
Pete Smith,train
Berthold Bartosch,train
Dafydd ab Hugh,train
Errol Flynn,train
Tim Kring,train
Quebec,train
Charles Stross,train
Turkey,train
Tracy Hickman,train
Gore Vidal,train
James Lapine,train
Johann Sebastian Bach,train
Roscoe Arbuckle,train
Greece,train
photographer,train
Saverio Mercadante,train
Minneapolis,train
Rudyard Kipling,train
Croatia,train
Julie Corman,train
Katie Roiphe,train
Brian Reed,train
Pete Michels,train
Nelson Rodrigues,train
Franklyn Barrett,train
South Africa,train
Leah Purcell,train
Buronson,train
Gaoua,train
association football,train
Joey Travolta,train
William Dean Howells,train
Willie Reale,train
Mary McGuckian,train
Dimitar Dimov,train
Mani Sharma,train
George Archainbaud,train
Carlos Hugo Christensen,train
Sergio Martino,train
Brescia,train
Belo Horizonte,train
Athens,train
Sidney Morgan,train
Laishevsky District,train
Jian Ghomeshi,train
Theodore Taylor,train
Norman Krasna,train
Gabriele Muccino,train
American Film Manufacturing Company,train
Isabelle Montour,train
Axel Munthe,train
Jac Holzman,train
Park Gok-ji,train
Herbert Achternbusch,train
Jeff Smith,train
swashbuckler film,train
Dean Parisot,train
Knud Leif Thomsen,train
Sybille Bedford,train
Aleksandr Rogozhkin,train
Kevin Billington,train
Mary Roberts Rinehart,train
Chulalongkorn,train
monk,train
Mel Ferrer,train
Lazar Ristovski,train
Sigmund Romberg,train
folk rock,train
Rajasenan,train
Larry Buchanan,train
Connie Willis,train
Tinchy Stryder,train
Allan Dwan,train
Boroughbridge,train
Holly Dale,train
Yann Tiersen,train
Saudi Arabia,train
Norma Talmadge,train
Marie Anne Mancini,train
Jean Aurenche,train
Henri-Georges Clouzot,train
Matthew Richey,train
Amma Asante,train
Naples,train
Sapporo,train
David Lowell Rich,train
Vercelli,train
Andy Ackerman,train
Mexico City,train
Gunnora,train
Vinton,train
Rex Ingram,train
David VII of Georgia,train
John Guillermin,train
Terence Rattigan,train
Youssef Chahine,train
Taunton,train
Karlstad,train
Rachel Cosgrove Payes,train
geneticist,train
Daniel Cross,train
Paramaribo,train
Chuck Workman,train
Jean-Pierre Mocky,train
Brian Aldiss,train
Claude Berri,train
Hobart Henley,train
Vaxholm,train
Jesse Bochco,train
Kij Johnson,train
Richard Brinsley Sheridan,train
Alasdair Gray,train
noise rock,train
Victor Herbert,train
Karlheinz Stockhausen,train
Melanie Rawn,train
Gregory Benford,train
Jeffrey Lau,train
Arturo Ambrosio,train
UB40,train
Rio de Janeiro,train
Miley Cyrus,train
Chicago blues,train
Joe Meno,train
Jack Heath,train
Centre-Sud Region,train
Fausto Brizzi,train
Eric Whitacre,train
Allen Fong,train
Wang Shuo,train
Bob Ellis,train
Stephen Lack,train
David Baldacci,train
Vatroslav Mimica,train
Robert Enrico,train
Haruki Kadokawa,train
Jimmie Johnson,train
Douglas Preston,train
Jim O'Connolly,train
fencing,train
Jem Cohen,train
Aage Neutzsky-Wulff,train
Roger Young,train
panel game,train
Colin Trevorrow,train
Surrey,train
Andrew Clements,train
Independent Moving Pictures,train
Gothenburg,train
Ebrahim Hatamikia,train
Gwen Raverat,train
Slovakia,train
film director,train
Charles Chauvel,train
Lord Clifden,train
Jean-Michel Charlier,train
Houston,train
Clyde Fitch,train
Alain Corneau,train
Bert Haanstra,train
Paul Armont,train
Dennis Kelly,train
Charles Dickens,train
Tommy Noonan,train
Kevin Williamson,train
Otto Brower,train
Christopher Priest,train
Roman Vlad,train
Kirsten Munk,train
seiyū,train
Otis Turner,train
Luis Moglia Barth,train
industrial metal,train
Bruges,train
Jack Conway,train
Ernst Winar,train
Frances Marion,train
Moira Buffini,train
Charles Cuvillier,train
Alexandre Brongniart,train
Joaquim Sapinho,train
Chano Urueta,train
reggae,train
Carleton Place,train
Bulgaria,train
Edward Albee,train
Pieter Pourbus,train
Irving Reis,train
Laurence Olivier,train
Meddler,train
Evan Parker,train
Armand Gatti,train
Eddie Vedder,train
Cosmopolitan Productions,train
Yeshaq I,train
David Slade,train
Walt Disney,train
Ken Wilber,train
Brou-sur-Chantereine,train
John Howard Lawson,train
Darrell Schweitzer,train
Whitley Strieber,train
Burewala,train
farmer,train
Jamie xx,train
Isaac Bashevis Singer,train
Leslie Cheung,train
Dickson,train
Trevor Horn,train
Shin Kibayashi,train
Edmond Keosayan,train
Binka Zhelyazkova,train
Dan Fogelman,train
Bonners Ferry,train
Harlan Ellison,train
Gillies MacKinnon,train
Matt Wayne,train
Harrison,train
Danielle Steel,train
Idrissa Ouédraogo,train
Walpole,train
Gene Autry,train
Cologne,train
musical film,train
Bill Rebane,train
power pop,train
Zakhar Prilepin,train
Juan Diego Solanas,train
contemporary Christian music,train
Denmark,train
Kenneth Hawks,train
Somerled,train
Rottweil,train
cycle sport,train
John Lennon,train
Oran,train
Carhaix-Plouguer,train
David Belasco,train
Todd Zeile,train
Erfurt,train
Muriel Box,train
John McGahern,train
Boris Blacher,train
Eric Idle,train
Florence,train
Masson-Angers,train
Hou Hsiao-Hsien,train
Holyoke,train
Katherine Mansfield,train
"Geoffrey de Mandeville, 1st Earl of Essex",train
Niki Karimi,train
Rex Beach,train
Ben Folds,train
Newtownabbey,train
landscape art,train
model,train
Scott Sigler,train
Walter West,train
Lincoln Child,train
history painting,train
Roy William Neill,train
Philip Haas,train
Khair Bakhsh Marri,train
Greg Child,train
Ma Teng,train
Rick Wakeman,train
Pabianice,train
Roger Marshall,train
Harry Cohn,train
Basil Dean,train
Maurine Dallas Watkins,train
Alice Hegan Rice,train
Claude Chabrol,train
New Orleans,train
Teddy McRae,train
opera,train
Roland J. Green,train
Frederik Pohl,train
Anna Karina,train
Hayley Williams,train
Frederic Louis Norden,train
Master P,train
"Adolfo Alix, Jr.",train
Bryan Foy,train
Virginia Van Upp,train
Diego Dubcovsky,train
Duke Xian of Jin,train
Kharkiv,train
Michael Worth,train
Mario Bonnard,train
Peru,train
Veit Harlan,train
Avi,train
Lucas Demare,train
Robert Mason,train
role-playing video game,train
Steve Lyons,train
Gordon Chan,train
Owen Wister,train
volleyball,train
Van Dyke Brooke,train
Maurice Pialat,train
Claude Debussy,train
Alan Hollinghurst,train
Sandra Seacat,train
"Charlotte, Grand Duchess of Luxembourg",train
Leon Trotsky,train
Israel,train
Lutheranism,train
Duke Ellington,train
Russell Kirk,train
Pamela Dean,train
Ealhmund of Kent,train
Carl Macek,train
Kure,train
Zane Grey,train
Sigismund I the Old,train
James Hilton,train
Carlo Lizzani,train
Himesh Reshammiya,train
Rudolf Noelte,train
Yousry Nasrallah,train
Satyajit Ray,train
Jeremy Doner,train
Richard Rodgers,train
Michael Robotham,train
Thampi Kannanthanam,train
Yoram Gross,train
Porsgrunn,train
Graham Stark,train
Henri Decoin,train
Cuvette Department,train
Gheorghe Vitanidis,train
Ken Hughes,train
Alain Tanner,train
curator,train
James Gleason,train
journalist,train
Venu Madhav,train
Fetsund,train
Henry Green,train
Margarethe von Trotta,train
Toronto,train
Berthierville,train
Matsuri Hino,train
Henry Levin,train
Francis Searle,train
Gordon Korman,train
Dick Maas,train
Judith Hermann,train
Paul Redford,train
Arthur Darvill,train
Lisa Tuttle,train
Chance Play,train
Mary Pickford,train
Brad Anderson,train
Jorge Amado,train
Silvio Muccino,train
Berlin,train
Pesaro,train
Wenceslaus I of Zator,train
Glenda Adams,train
Frank Reicher,train
Daniel Quinn,train
Djedefhor,train
Melvin Burgess,train
Craig Zisk,train
Queens,train
Lawrence Trilling,train
Kon Ichikawa,train
Chris Landreth,train
Krzysztof Krauze,train
Kursk,train
Charles Shaw-Lefevre,train
Bratsk,train
real-time strategy,train
cinematographer,train
Michael Curtiz,train
Armistead Maupin,train
Joaquim Manuel de Macedo,train
Andre Dubus,train
Uppsala,train
Jon Alpert,train
Ray Cooney,train
Stan Lathan,train
Evangelicalism,train
cricket umpire,train
Estonia,train
Kim Ki-duk,train
Rick Alverson,train
metalcore,train
Lewis Milestone,train
"Fred Niblo, Jr.",train
John Goldschmidt,train
Melissa Joan Hart,train
Tod Browning,train
horror literature,train
Arnold Fanck,train
Michael Frayn,train
Howard Skempton,train
Herman Wouk,train
chef,train
Dominic Savage,train
Liz Friedlander,train
Giuseppe Piccioni,train
Challedon,train
Gus Trikonis,train
Okakarara,train
Ric Flair,train
graphic designer,train
Uzeyir Hajibeyov,train
James Russo,train
William Kennedy,train
Henrik Ibsen,train
Simon Cellan Jones,train
Warren Ellis,train
Idries Shah,train
Afghanistan,train
Simon Hartog,train
Bruno Corbucci,train
Tony Richardson,train
Ben Travers,train
Didier Bourdon,train
August Derleth,train
Catholic Church,train
Villahermosa,train
Bill Drummond,train
Greek Orthodox Church of Antioch,train
Amqui,train
Anthony Powell,train
Kinuyo Tanaka,train
Karen Joy Fowler,train
Bryan Elsley,train
Lucan Biddulph,train
Fair Trial,train
Poul Anderson,train
Ford Madox Ford,train
symphonic metal,train
Carl Franklin,train
Aberdeen,train
Lankaran,train
Faulkton,train
Kazuki Kaneshiro,train
Mohsen Makhmalbaf,train
Samuel Robert Lichter,train
Christadelphians,train
thriller,train
Theo van Gogh,train
Ralph Murphy,train
Kari Hotakainen,train
Linz,train
platform game,train
Sidney J. Furie,train
Corinne Griffith,train
businessperson,train
"Rorgon I, Count of Maine",train
Russian rock,train
Marousi,train
San Fernando,train
Damien Dematra,train
genre painting,train
Gail Carriger,train
Salem Municipality,train
"George Marion, Jr.",train
Sinclair Lewis,train
Papa John Creach,train
Tony Benn,train
Alison Croggon,train
politician,train
missionary,train
Don McBrearty,train
Manuel Puig,train
coming-of-age story,train
Dorothy Arzner,train
adventure film,train
Stig Claesson,train
Jersey City,train
Jean Renoir,train
Michael Zinberg,train
Bernhard Kellermann,train
David Von Ancken,train
William Dieterle,train
Hattfjelldal,train
Tori Spelling,train
Nick Grinde,train
Benedict XVI,train
Wyllis Cooper,train
Geneseo,train
Jonathan Cape,train
Yvan Delporte,train
Erik Lidbom,train
espionage novel,train
Bar,train
Darrell Wasyk,train
Merle Oberon,train
Smokey Robinson,train
Later Zhao,train
Anthony Hickox,train
Elizabeth Moon,train
William Mastrosimone,train
Alberto Lattuada,train
Jean-Jacques Andrien,train
Om Prakash Rao,train
Abdur Rashid Kardar,train
Ching Siu-tung,train
Jilly Cooper,train
ambient music,train
Rita Dominic,train
Hayao Miyazaki,train
Mitchell Hurwitz,train
Parviz Shahbazi,train
Raj Mukherji,train
Mogilev,train
Isobelle Carmody,train
Emma Bull,train
indie rock,train
tennis,train
Samuel Goldwyn,train
William Randolph Hearst,train
Alfred Rolfe,train
epistolary novel,train
Paul Zindel,train
Don Hahn,train
biathlon,train
major general,train
indie pop,train
Perseus of Macedon,train
Carmine Gallone,train
Frans Masereel,train
Sandip Ray,train
Jean Ure,train
Gmina Kluczewsko,train
Svatopluk I,train
post-rock,train
Lise Mayer,train
Shin Sang-ok,train
Hormizd III,train
Anupam Sinha,train
Ali Smith,train
Eleanor Arnason,train
Ayn Rand,train
Jan Lenica,train
Hans-Hermann Hoppe,train
Alistair Beaton,train
crime film,train
Damien Broderick,train
Philadelphia,train
Montauban,train
bishop,train
Arnold Schoenberg,train
Yasutaka Nakata,train
Isaac Asimov,train
Don Hertzfeldt,train
Nepal,train
Hong Kong,train
George Martin,train
reggaeton,train
Lady Gaga,train
Tom Ricketts,train
Odsherred Municipality,train
Chris Impey,train
Sidney Olcott,train
Ariarathes V of Cappadocia,train
Walter Hugo Khouri,train
Carroll Ballard,train
Leo Tolstoy,train
Tove Jansson,train
Diana Mitford,train
Atom Egoyan,train
Reginald Le Borg,train
Littleton,train
Milcho Manchevski,train
Adam Powers,train
Basildon,train
post-punk,train
Ngaio Marsh,train
Romford,train
Feng Xiaoning,train
James Tinling,train
Israel Horovitz,train
Mike Costa,train
Ipatovo,train
Edward Small,train
Astrid Lindgren,train
Nacio Herb Brown,train
Jack Dann,train
Anoop Seelin,train
Canons Park,train
Amleto Palermi,train
Wolfgang Kohlhaase,train
Tartu,train
David Stevens,train
Patrick Grandperret,train
Hamburg,train
Albert Dupontel,train
Svika Pick,train
Mildred D. Taylor,train
William Churchill deMille,train
Carlo Verdone,train
rhythm and blues,train
Simon Garfield,train
Stuart Walker,train
Olivier Ducastel,train
Robin Jarvis,train
Khri ma lod,train
Constantine Bodin,train
John Gilling,train
Jorge Luis Borges,train
Robert Wiene,train
Frederick II of Legnica,train
Finos Film,train
Matthew Boulton,train
Duncan Fegredo,train
Eadbald of Kent,train
Douglas McGrath,train
Giuliano Montaldo,train
David Macaulay,train
Thomas Arne,train
fantasy film,train
James Fenimore Cooper,train
Kōbe,train
Pete Jones,train
Joseph McElroy,train
Albuquerque,train
Muscotah,train
Val McDermid,train
trance,train
Sergio Corbucci,train
Mimmo Calopresti,train
singer-songwriter,train
table tennis,train
ski mountaineering,train
Mark Tavener,train
Kimberley,train
Ben Sombogaart,train
Francis Hopkinson Smith,train
Dennis Foon,train
Jeffrey Kramer,train
Jonathan Hardy,train
Gogland,train
Larry Shaw,train
Borgosesia,train
Hato Mayor del Rey,train
Alice O'Fredericks,train
Kinnitty,train
alternative rock,train
Norwich,train
Robert Anton Wilson,train
Margo Lanagan,train
Dann Huff,train
J-pop,train
James LaBrie,train
H. C. McNeile,train
Harry Tobias,train
Jay Chou,train
Herentals,train
Alice Brown,train
"Jack Haley, Jr.",train
Avril Lavigne,train
Matthew Crouch,train
Jan Rybkowski,train
Donald Harington,train
Marion County,train
Pascal Thomas,train
Joseph Sargent,train
motorcycle speedway,train
Lulach,train
Sinclair Hill,train
Carl Stalling,train
Cairo,train
Pang brothers,train
Carlos Santana,train
smooth jazz,train
Bull Lea,train
Kiarash Anvari,train
Shinichi Sekizawa,train
Rosa von Praunheim,train
Makassar,train
Paul Cornell,train
Vittorio Alfieri,train
Myrtle Stedman,train
Jeff Pinkner,train
Kara DioGuardi,train
Ed Earl Repp,train
Madagascar,train
Alain Bashung,train
George Fitzmaurice,train
Arosa,train
futurepop,train
Danny Cannon,train
Ryan Larkin,train
Nigel Hinton,train
horse trainer,train
Busia District,train
romance film,train
Greenland,train
Elizabeth of Hungary,train
Dayal Padmanabhan,train
John Prise,train
John Updike,train
Joe Dever,train
Johnston County,train
Ristiina,train
Joanna Glass,train
Hans Hinrich,train
Tamar Simon Hoffs,train
Mal Waldron,train
Cecil Hepworth,train
Guarenas,train
puzzle video game,train
Welwyn Wilton Katz,train
Claude Jutra,train
Jack Johnson,train
Mitsukazu Mihara,train
Romolo Guerrieri,train
Peter Lilienthal,train
Wang Tingcou,train
Nikolaus Geyrhalter,train
Sacha Guitry,train
Norman McLaren,train
Murong Jun,train
Paul Erman,train
Oliba Cabreta,train
Towa Tei,train
Texas,train
lyricist,train
Recanati,train
Frans Sammut,train
Luther Reed,train
Matthew Saville,train
Russian Empire,train
Jiang Wenli,train
Bernardo Sassetti,train
Telets of Bulgaria,train
Santurtzi,train
Saitama Prefecture,train
Marseille,train
Wu Ma,train
Plautus,train
Kiel,train
Carl Zuckmayer,train
Jedlnia-Letnisko,train
Tahmineh Milani,train
War Admiral,train
Cherkasy Oblast,train
Anders Refn,train
Thomas Woods,train
BBC,train
rock music,train
Fred Niblo,train
Quentin Lawrence,train
Miho Obana,train
People's Republic of China,train
novelist,train
Sergey Kuryokhin,train
progressive house,train
Santa Barbara,train
Harold Becker,train
Abatai,train
turn-based strategy video game,train
Diana Wynne Jones,train
bobsleigh,train
Michael Tippett,train
Leith,train
Damon Knight,train
Gene Kemp,train
Arne Garborg,train
Philip Dunning,train
Frank Howson,train
M. B. Sreenivasan,train
film producer,train
Jay Woelfel,train
Maracay,train
Fiji,train
Raghavan,train
Oksana Zabuzhko,train
Joseph Heller,train
mandopop,train
portrait,train
Ludwig Berger,train
Lev Arnshtam,train
David Cronenberg,train
Palencia,train
Valerie Bertinelli,train
Impfondo,train
John Wyndham,train
Daniel Filho,train
Pratibha Parmar,train
Peter II of Portugal,train
Ruteng,train
Charles Laughton,train
Kinaryosih,train
Betty Box,train
David Marshall Grant,train
Karatsu,train
Igor Stravinsky,train
The Malloys,train
Jeanne Moreau,train
Primo Zeglio,train
Steven Saylor,train
Almaty,train
Carrie Akre,train
Dariush Mehrjui,train
Mitsumasa Anno,train
Nicole Conn,train
Roderick Gordon,train
Yōji Yamada,train
Mike O'Malley,train
Nikolai Rimsky-Korsakov,train
Kevin Crossley-Holland,train
John Cromwell,train
Dushanbe,train
Bille August,train
Ringo Lam,train
Vice Regent,train
Meridel Le Sueur,train
Menahem Golan,train
Lemmy Kilmister,train
Stone,train
Podujevo,train
Werner Jacobs,train
doo-wop,train
Charles Fort,train
Blushing Groom,train
Matt Olmstead,train
Jessica Yu,train
Douglas Fairbanks,train
Marco Ferreri,train
Gaelic football,train
Mahmoud Shoolizadeh,train
Gianni Amelio,train
"William Marshal, 1st Earl of Pembroke",train
Matthew Lessner,train
pop music,train
dubstep,train
public art,train
Scott Bradley,train
Cantopop,train
novella,train
Sukanta Bhattacharya,train
Scott Turow,train
Nils Malmros,train
Matt Pizzolo,train
Hugh Leonard,train
Otterberg,train
A. J. Quinnell,train
Cluj-Napoca,train
Nuremberg,train
songwriter,train
Daniel Burman,train
Don Weis,train
Rufus Thomas,train
Ivan Kotliarevskyi,train
Maurice Ravel,train
Herman Yau,train
Judith Light,train
Mechetlinsky District,train
Michael Katleman,train
Walter Reisch,train
Troyes,train
Birkenhead,train
Perry,train
Jason Cahill,train
Bono,train
Reza Mirkarimi,train
Dick Glasser,train
Ann Hui,train
Stephen Belber,train
Angel Locsin,train
Bern,train
Eileen Wilks,train
James Shirley,train
Jamshed Usmonov,train
Suelette Dreyfus,train
Ariarathes IV of Cappadocia,train
Georg Jacoby,train
Frederic Zelnik,train
Lodeynopolsky District,train
Salah Abu Seif,train
Stefan Zweig,train
Laetitia Masson,train
Yang Xingmi,train
Gregory Maguire,train
Brion Gysin,train
Colombia,train
Pete Hautman,train
popular music,train
Claude Pinoteau,train
Tochigi Prefecture,train
Brazil,train
Salvatore Samperi,train
Frans Weisz,train
Lecce,train
Jeremy Kagan,train
Mick Schultz,train
Bhuvanekabahu VI of Kotte,train
Hammelburg,train
Gavin O'Connor,train
Marc Hempel,train
Syed Noor,train
Doug Naylor,train
Marshall Islands,train
Perth,train
Elmer Blaney Harris,train
Hall Caine,train
Dakar,train
Sun Yu,train
Manuel Summers Rivero,train
Carl Froelich,train
Dave Boyle,train
Todd Field,train
Maykop,train
Jack Thorne,train
Roman Polanski,train
Warner Bros.,train
cross-country skiing,train
Brisbane,train
Kanon Wakeshima,train
Dmitriyevsky District,train
Oscar Micheaux,train
"Eochaid, son of Rhun",train
Terry Brooks,train
Pyotr Ilyich Tchaikovsky,train
Bronxville,val
Victor Schertzinger,val
Hal Roach,val
Palmdale,val
Ron Mann,val
Ernest Reyer,val
Moscow,val
Huntington Hartford,val
paranormal romance,val
Lukas Moodysson,val
Espargos,val
Alex Chandon,val
Tony Visconti,val
Hugo del Carril,val
Kyle Killen,val
Walter Forde,val
Rabindranath Tagore,val
Kim Ki-young,val
Ratnakar Matkari,val
Matt Beaumont,val
Dougal Wilson,val
Néma,val
Jack Benny,val
Hall Bartlett,val
Steve Gerber,val
Jack Welch,val
James Hadley Chase,val
New York City,val
Beijing,val
Louis Hirsch,val
Buenos Aires,val
Clive Holden,val
Sergio Rubini,val
Bob Neuwirth,val
Umberto Lenzi,val
Ruth Manning-Sanders,val
Turku,val
Lon Chaney,val
Robert Charles Wilson,val
Tedd Pierce,val
Henry Rollins,val
reality television,val
"Keran, Queen of Armenia",val
Fridrikh Ermler,val
Ahmed Ahmed,val
Antwerp,val
Ouida,val
Luciano Emmer,val
Howard Bretherton,val
Christopher Golden,val
Steve Roach,val
Domenico Paolella,val
Newcastle upon Tyne,val
Jason Sherman,val
Teddy Sinclair,val
Brian Alexander Morgan,val
William Faulkner,val
Jeff Bhasker,val
Abbas Kiarostami,val
Arlene Sanford,val
romance novel,val
Jos Stelling,val
John Brahm,val
short story,val
Amsterdam,val
Peter Wintonick,val
American football,val
Sarah Fielding,val
Norway,val
Sunday Silence,val
Kevin Spacey,val
Steven Schachter,val
Los Angeles,val
Lavalleja Department,val
Gregg Hurwitz,val
Saul Bellow,val
Keisuke Kinoshita,val
Sreekumaran Thampi,val
Don Rosa,val
Stan Brakhage,val
Koper,val
Alfian Sa'at,val
Tetsuo Shinohara,val
Aceh Timur,val
Kurt Weill,val
priest,val
Elliott Hayes,val
Sanaa,val
Paul Greengrass,val
Nino Manfredi,val
Tian Han,val
Azerbaijan,val
Nick Tosches,val
Sabina Guzzanti,val
Pedro Costa,val
Edward Dmytryk,val
Slovenia,val
Ingmar Bergman,val
Alberto Ginastera,val
Puebla,val
Peter Pohl,val
Conor McPherson,val
Lisa Unger,val
Gofraid mac Arailt,val
Bernard Campan,val
Henry Fielding,val
Lebanon,val
James Cruze,val
Rob Hubbard,val
Michele Placido,val
Los Mochis,val
Robert Louis Stevenson,val
Tarachand Barjatya,val
Mikis Theodorakis,val
Thomas William Robertson,val
Linda Howard,val
Charles Strouse,val
Pauline Kael,val
Karel Zeman,val
Maurice Elvey,val
badminton,val
Ray Davies,val
Kaunas,val
Macrianus Major,val
Giambattista Basile,val
Timo Rose,val
Luis Alcoriza,val
David Devine,val
John Pardee,val
Erin Hunter,val
Milan,val
Agha Hashar Kashmiri,val
Luna Sea,val
Allan Arkush,val
Ilaiyaraaja,val
Lubango,val
Georges Sari,val
Ali Dashti,val
Alistair MacLeod,val
Junji Sakamoto,val
Makoto Tateno,val
David Lynch,val
"Rathmore, County Kerry",val
Guadalajara,val
mystery film,val
Hemel Hempstead,val
Deborah Moggach,val
Henry II of England,val
Clifton Ko,val
Henry Lawson,val
Kroger Babb,val
Henryk Grynberg,val
Francesco Maselli,val
Maarten 't Hart,val
Krzysztof Zanussi,val
Piers Anthony,val
acid house,val
Kalinda Vazquez,val
Cleveland,val
Darezhan Omirbaev,val
Bob Leman,val
Noam Chomsky,val
funk rock,val
Roger Corman,val
Quintero brothers,val
Duccio Tessari,val
Count Fleet,val
Alessandro Di Robilant,val
John Kander,val
Dirk Maggs,val
Aaro Hellaakoski,val
rabbi,val
experimental film,val
Shi Hu,val
Hattiesburg,val
Anthony Burgess,val
magistrate,val
Herbert Mason,val
Gordon Douglas,val
Leeds,val
Max Perutz,val
Simon Kernick,val
Ewald André Dupont,val
Lesley Selander,val
Mariah Carey,val
Archie Mayo,val
Mikhail Saltykov-Shchedrin,val
Selkirkshire,val
Gerardo Vera,val
Kenneth Branagh,val
Seabury Quinn,val
Im Sang-soo,val
Inger Christensen,val
Walton,val
Ken Burns,val
Riot grrrl,val
Watseka,val
Alexandre Astruc,val
Presbyterianism,val
Guacara,val
Chico Buarque,val
Johnny Harris,val
Pat Powers,val
electronic music,val
Topel Lee,val
screenwriter,val
Jacques Jaccard,val
Alfred Ely Beach,val
Sucha Beskidzka,val
Daniel Defoe,val
Ron Underwood,val
Sean Stewart,val
Spas-Demensky District,val
Ray Wilson,val
Ace Wilder,val
Ellen Hopkins,val
Anglicanism,val
Tian Zhuangzhuang,val
Jules Massenet,val
Ranuccio I Farnese,val
Constantine I of Georgia,val
Justin Richards,val
Mark Twain,val
hairdresser,val
John Zorn,val
Bernard Slade,val
blaxploitation,val
Ray Enright,val
Heraclius II of Georgia,val
Broad Brush,val
Albert Capellani,val
bebop,val
Fuyumi Soryo,val
Paulo Porto,val
Kelly Overton,val
Beaumont Smith,val
Joe Burke,val
Damian Thompson,val
Anthony Kimmins,val
Rob Nilsson,val
Mario Camerini,val
Galt MacDermot,val
Justin Bieber,val
La Chaux-de-Fonds,val
Lyon,val
Jan Campert,val
Lynne Littman,val
King Vidor,val
Shunji Iwai,val
David Nutter,val
Frederick Storrs Turner,val
thrash metal,val
Iris Murdoch,val
industrial rock,val
Rolf Hansen,val
Antonio Negri,val
Elizabeth Jordan,val
Hermann Bahr,val
cyclo-cross,val
Judy Blume,val
James Heneghan,val
India,val
Noginsk,val
Maurizio Ponzi,val
Leo XIII,val
Seraing,val
Ubud,val
Marco Denevi,val
David Was,val
Oskar Messter,val
Vietnam,val
factual television,val
Archibald MacLeish,val
Karin Molander,val
Mordecai Richler,val
Fred Frith,val
Michael Palin,val
Ben Elton,val
Warsaw,val
Pierre Granier-Deferre,val
George R. Stewart,val
adventure game,val
Jack Hibberd,val
Graham Swift,val
Kingston,val
philosopher,val
Alessandro Blasetti,val
Takashi Miike,val
Finland,val
Ettore Scola,test
Ronit Elkabetz,test
record producer,test
Cy Endfield,test
Pradeep Kumar,test
Sergei Rachmaninoff,test
Koo Hye-sun,test
Gary David Goldberg,test
Michael Thornhill,test
Lance Bangs,test
Ruth Rendell,test
Darko Dimitrov,test
Nigel Dick,test
Brunello Rondi,test
Avi Nesher,test
Gustaf Molander,test
legal drama,test
Yumi Tamura,test
Yoshihiro Nakamura,test
Kevin Falls,test
I. V. Sasi,test
Diane Keaton,test
Aalborg,test
Seamus Heaney,test
Georgetown,test
Geneva,test
Saint Petersburg,test
Jonathan Nossiter,test
Raymond Longford,test
Casimir IV Jagiellon,test
D. C. Moore,test
Little Rock,test
Tim Pears,test
Linda Nagata,test
Scott McClellan,test
Iain James,test
Yvonne Okoro,test
Colin Bateman,test
Arne Skouen,test
Howard Goodall,test
Slavník,test
Jed Whedon,test
Hans Werner Henze,test
Karl Edward Wagner,test
Michel Deville,test
Britpop,test
Daniel Guggenheim,test
John Dickson Carr,test
Australia,test
Portugal,test
Rocky,test
Karin Alvtegen,test
Dell Henderson,test
action role-playing game,test
Jack McDevitt,test
will.i.am,test
Edinburgh,test
Miner County,test
Ernst Lubitsch,test
judo,test
Mackay,test
Ricardo Palma,test
Michael Grossman,test
Charles Guggenheim,test
Ingela Forsman,test
Greg Egan,test
Andrew I of Hungary,test
Julio Médem,test
Guangzhou,test
Violante Manuel,test
Minoru Kawasaki,test
Shane Maloney,test
Mechelen,test
Alex van Warmerdam,test
Christa Wolf,test
Pakistan,test
Sinsheim,test
Jeff Woolnough,test
heavy metal,test
Stephen Dorff,test
Montreal,test
Abbas Mirza,test
Marcel Pagnol,test
Star Kingdom,test
production designer,test
Mortain,test
Tom Verica,test
Picton,test
Charlie Parker,test
P. Chandrakumar,test
Patrick McGrath,test
Vsevolod Pudovkin,test
Bill Travers,test
Gail Carson Levine,test
Einojuhani Rautavaara,test
ice hockey,test
Pen Densham,test
Warri,test
Maximilian Schell,test
Pierre Tchernia,test
Toomyvara,test
George Seaton,test
Pieter Verhoeff,test
Per Fly,test
Jacques Offenbach,test
Turin,test
Carlos Schlieper,test
artistic gymnastics,test
Harry Langdon,test
Melissa Marr,test
Joss Whedon,test
Barry Pilton,test
Tantieme,test
Tarusa,test
Jennifer Fallon,test
racing video game,test
Lyphard,test
Ralph Waldo Emerson,test
Christian-Jaque,test
Patti Smith,test
Oliver Morosco,test
"Gaston I, Count of Foix",test
Nicola Griffith,test
Theresa,test
Graham Streeter,test
Rome,test
Ellen Wilkinson,test
Harold Brighouse,test
Tan Dun,test
Eureka,test
Armin van Buuren,test
Preston Sturges,test
Dick Francis,test
Dieter Bohlen,test
Evan Brewer,test
Kaushik Ganguly,test
Droitwich Spa,test
Peter Wessel Zapffe,test
William A. Brady,test
architect,test
Ron Geesin,test
Paolo Villaggio,test
Adrian Belew,test
Walter Summers,test
Alain Souchon,test
Margit Sandemo,test
Nikolai Leskov,test
Harrisburg,test
Henry Fane of Brympton,test
test pilot,test
Carlo Mazzacurati,test
Irving Thalberg,test
Hope Hampton,test
Werner Schroeter,test
Karim Khan,test
sitcom,test
anarcho-punk,test
Arizona Territory,test
William A. Seiter,test
Frank Capra,test
Philip Glass,test
television comedy,test
biographical film,test
Kambarka,test
Schiedam,test
first-person shooter,test
Bram Stoker,test
Joseph Connolly,test
William Butler Yeats,test
Christy Cabanne,test
Gabriele Salvatores,test
Philip Barry,test
"Gilbert Talbot, 7th Earl of Shrewsbury",test
France,test
Gothic fiction,test
Bruce McAllister,test
Ralph Siegel,test
Bolivia,test
Tomson Highway,test
Donald Gallaher,test
Pavlovo-Posadsky District,test
Evan Rosen,test
Terence Fisher,test
fighting game,test
Arthur Conan Doyle,test
Arthur Kober,test
atheism,test
Wu Ming,test
soap opera,test
Elinor Glyn,test
"Marie-Catherine Le Jumel de Barneville, baroness d'Aulnoy",test
Louise Archambault,test
Wojciech Marczewski,test
Craig Hinton,test
Todd Holland,test
mystery fiction,test
The Decemberists,test
Lennox Berkeley,test
Joseph Bologna,test
Prince Bakar of Kartli,test
Steve Balderson,test
Offenburg,test
Frederick Lonsdale,test
Utrecht,test
David Gates,test
Jessica Hausner,test
Walter Wanger,test
Neuburg an der Donau,test
Harry O. Hoyt,test
Vynohradiv,test
Frank Zappa,test
Tehran,test
Gail Caldwell,test
Suman Mukhopadhyay,test
Sharr White,test
Banana Yoshimoto,test
Lionel Rogosin,test
Paul Cox,test
Ai Otsuka,test
Lawrence Miles,test
Euphemia de Ross,test
Sergey Lukyanenko,test
Portaferry,test
Liaquat Ahamed,test
Daniel Knauf,test
Briey,test
mangaka,test
Dana Adam Shapiro,test
David Butler,test
King's Lynn,test
Nozomi Sasaki,test
Octave Mirbeau,test
John Jopson,test
Ugo Tognazzi,test
Charles Vidor,test
Jacques Derrida,test
Dean Wesley Smith,test
Peter Del Monte,test
Nanni Moretti,test
microbiologist,test
Stefan Jarl,test
Cannonade,test
Viktor Ivchenko,test
Flavio Mogherini,test
Griffin,test
Bruce Sweeney,test
Chicago,test
Charles Sheffield,test
Laurent Tirard,test
Patricia Wrede,test
Anar Rzayev,test
Jerry Wald,test
Diego Lerman,test
Sven Nykvist,test
Strabane,test
synth-pop,test
Samuel Bischoff,test
Rudolf Meinert,test
Tony Ballantyne,test
Jonathan Sagall,test
Lois McMaster Bujold,test
handball,test
Sally Mann,test
Yves Ciampi,test
Tom Robbins,test
Butch Walker,test
Herrnhut,test
William Fruet,test
Andrew Motion,test
Andy Warhol,test
Antonio Vivaldi,test
Aiud,test
Lamont Dozier,test
Stanley Schmidt,test
Allen Appel,test
John Farnham,test
Alain Delon,test
Guido Brignone,test
Gillian Cross,test
Henry Kuttner,test
sports video game,test
Armenia,test
John Arden,test
Chris Chibnall,test
Pascal Quignard,test
Henry Otto,test
Lynn Coady,test
Adnan Menderes,test
Saint Lucia,test
