category,word,question,generated,expected
Celebrities,Post Malone,Which artist released a country album titled 'F-1 Trillion' in mid-2024 that debuted at number one on the Billboard 200?,I am unable to verify the artist who released a country album titled 'F-1 Trillion' in mid-2024 that debuted at number one on the Billboard 200.,The artist behind the hit country album was Post Malone.
Celebrities,Bad Bunny,Which Latin artist released an album titled 'Debí Tirar Más Fotos' in January 2025 that topped global streaming charts?,I can't verify which Latin artist released an album titled 'Debí Tirar Más Fotos' in January 2025.,The artist behind that Latin chart-topping album was Bad Bunny.
Celebrities,Dua Lipa,Which pop singer headlined the Glastonbury Festival in June 2024 as its youngest-ever female solo headliner?,I do not have information on the 2024 Glastonbury Festival headliner.,The youngest female solo headliner at that year's Glastonbury was Dua Lipa.
Celebrities,Zendaya,Which actress starred as Chani in the March 2024 sequel 'Dune: Part Two' and did a high-profile global press tour?,I do not have information on the March 2024 sequel 'Dune: Part Two' or the actress who played Chani in it.,Zendaya starred as Chani in the sequel and did a widely covered press tour.
Celebrities,Travis Kelce,Which NFL tight end helped his team win Super Bowl LVIII in February 2024 while drawing media attention for dating a global pop star?,"I can't verify which NFL tight end helped his team win Super Bowl LVIII in February 2024, or who he was dating.",Travis Kelce
Celebrities,Naomi Osaka,"In the 2024 Australian Open draw, which tennis champion made her Grand Slam return after maternity leave?",I am unable to verify which tennis champion made her Grand Slam return after maternity leave in the 2024 Australian Open draw.,The champion who returned to the Australian Open after maternity leave was Naomi Osaka.
Celebrities,Lewis Hamilton,Which seven-time Formula 1 champion officially signed with Ferrari in February 2024 to race for them starting in 2025?,I do not have information on a seven-time Formula 1 champion signing with Ferrari in February 2024.,"In February 2024, Lewis Hamilton signed with Ferrari for the 2025 season."
Celebrities,Giannis Antetokounmpo,Which NBA star scored 46 points to lead his team past the Pacers in the first round of the 2024 NBA Playoffs?,"I'm not aware of any information about the 2024 NBA Playoffs, as my knowledge cutoff is December 2023.","In the Playoffs, the 46-point performance against the Pacers came from Giannis Antetokounmpo."
Celebrities,Miley Cyrus,"At the February 2024 Grammy ceremony, which singer won her first-ever award for Record of the Year with the hit 'Flowers'?",I am unable to verify the winner of the Record of the Year award at the 2024 Grammy ceremony.,"At the February 2024 Grammys, the Record of the Year honor went to Miley Cyrus for 'Flowers.'"
Celebrities,Neymar,"After leaving Al Hilal following an extended injury layoff, which Brazilian soccer star returned to Santos FC in early 2025?","I'm not aware of any information about a Brazilian soccer star returning to Santos FC in early 2025 after leaving Al Hilal. My knowledge cutoff is December 2023, and I do not have real-time information or updates beyond that date.",Neymar returned to Santos FC after his injury-plagued stint in Saudi Arabia.
Celebrities,Harry Styles,Which former One Direction member attended the 2024 Met Gala in a notable outfit that became one of the event's most discussed looks?,I do not have information on the 2024 Met Gala.,The former boyband member whose Met Gala outfit drew major attention was Harry Styles.
Cities,Portland,Which Pacific Northwest city voted in November 2024 to switch from a commission form of government to a new mayor-council system with ranked-choice voting?,I am unable to verify which Pacific Northwest city voted in November 2024 to switch from a commission form of government to a new mayor-council system with ranked-choice voting.,Portland
Cities,Seattle,Which West Coast city enacted a first-of-its-kind local law in 2024 limiting how companies can use automated decision tools in hiring?,I am unable to verify which West Coast city enacted a first-of-its-kind local law in 2024 limiting how companies can use automated decision tools in hiring.,The city that enacted the automated-hiring law was Seattle.
Cities,Minneapolis,Which Midwestern city reached a final consent-decree agreement with the U.S. DOJ in 2024 over policing reforms tied to the George Floyd case?,I am unable to verify which Midwestern city reached a final consent-decree agreement with the U.S. DOJ in 2024 over policing reforms tied to the George Floyd case.,The DOJ consent decree on policing reforms was reached with Minneapolis.
Cities,Tampa,"When Hurricane Milton made landfall in October 2024, which Florida Gulf Coast city was placed under mandatory evacuation orders?",I can't verify any information about a hurricane named Milton making landfall in October 2024.,Tampa
Cities,Pittsburgh,Which Rust Belt city was selected in 2024 as the location for a new federal AI safety research facility?,"I am not aware of any information about a specific Rust Belt city being selected in 2024 as the location for a new federal AI safety research facility. My knowledge cutoff is December 2023, and I do not have real-time information.",The city selected for the new AI safety research facility was Pittsburgh.
Cities,Miami,"Where did the 2024 Bitcoin Conference take place, at which a presidential candidate delivered a keynote crypto policy speech?",I do not have information on the 2024 Bitcoin Conference.,The Bitcoin Conference with the presidential keynote took place in Miami.
Cities,Las Vegas,Which desert city hosted the Formula 1 Las Vegas Grand Prix for the second year running in November 2024?,I do not have information on the Formula 1 Las Vegas Grand Prix for the year 2024.,The F1 race returned for its second year to Las Vegas.
Cities,Sacramento,Which California state capital passed an emergency heat-safety ordinance in summer 2024 requiring cooling access for outdoor workers?,I am unable to verify which California state capital passed an emergency heat-safety ordinance in summer 2024 requiring cooling access for outdoor workers.,The emergency heat-safety ordinance for outdoor workers was passed in Sacramento.
Cities,Baltimore,Which East Coast port city began rebuilding its Francis Scott Key Bridge in 2024 after a container ship struck and collapsed it in March?,I am unable to verify which East Coast port city began rebuilding its Francis Scott Key Bridge in 2024 after a container ship struck and collapsed it in March.,The bridge rebuilding effort after the container-ship collision was in Baltimore.
Cities,Detroit,"In 2024, which Midwestern city hosted one of the NFL Draft events, drawing hundreds of thousands of fans to its downtown?",I am unable to verify which Midwestern city hosted the 2024 NFL Draft.,"In 2024, the NFL Draft drew massive crowds to downtown Detroit."
Cities,Cincinnati,Which Ohio River city completed a major overhaul of its Bengals stadium facilities ahead of the 2024 NFL season?,I do not have information on which Ohio River city completed a major overhaul of its Bengals stadium facilities ahead of the 2024 NFL season.,The stadium overhaul completed ahead of the NFL season was in Cincinnati.
Companies,Sony,Which Japanese conglomerate launched the PlayStation 5 Pro console in November 2024 at $699?,I do not have information about a PlayStation 5 Pro console being launched in November 2024 at $699.,Sony
Companies,Qualcomm,Which chipmaker unveiled the Snapdragon 8 Elite processor in October 2024 for next-generation flagship Android phones?,I do not have information on a Snapdragon 8 Elite processor being unveiled in October 2024.,The Snapdragon 8 Elite chip for flagship Android phones came from Qualcomm.
Companies,AMD,Which semiconductor company launched the MI300X AI accelerator in late 2024 to compete with Nvidia in the data-center GPU market?,I am unable to verify which semiconductor company launched the MI300X AI accelerator in late 2024 to compete with Nvidia in the data-center GPU market.,The company that launched the MI300X AI accelerator was AMD.
Companies,Salesforce,Which cloud-CRM company introduced its 'Agentforce' AI platform at the September 2024 Dreamforce conference?,I am unable to verify which cloud-CRM company introduced its 'Agentforce' AI platform at the September 2024 Dreamforce conference.,"At Dreamforce in September 2024, Salesforce introduced the Agentforce AI platform."
Companies,Dell,Which Texas-based tech company reported record server revenue in Q3 2024 driven by surging AI-infrastructure orders?,I am unable to verify which Texas-based tech company reported record server revenue in Q3 2024 driven by surging AI-infrastructure orders.,Dell
Companies,Airbnb,"In May 2024, which short-term rental platform launched an 'Icons' experience category featuring stays in famous cultural locations?",I am unable to verify which short-term rental platform launched an 'Icons' experience category featuring stays in famous cultural locations in May 2024.,An 'Icons' category with stays in famous cultural locations was launched by Airbnb.
Companies,Visa,"When the U.S. DOJ filed an antitrust suit in September 2024 alleging debit-card market monopolization, which global payments network was the target?",I can't verify which global payments network was the target of the U.S. DOJ's antitrust suit in September 2024.,The DOJ debit-card monopolization suit targeted Visa.
Companies,Spotify,"After years of losses, which music-streaming service reported its first-ever sustained quarterly operating profit through 2024?",I am unable to verify which music streaming service reported its first-ever sustained quarterly operating profit through 2024.,"After years of losses, sustained quarterly profitability was finally achieved by Spotify."
Companies,PayPal,Which digital payments company launched its PYUSD stablecoin on the Solana blockchain in mid-2024?,I am unable to verify which digital payments company launched its PYUSD stablecoin on the Solana blockchain in mid-2024.,The PYUSD stablecoin launched on the Solana blockchain was created by PayPal.
Companies,Shopify,Which e-commerce platform's CEO told employees in a 2024 memo that AI must be used before any team can request new headcount?,I am unable to verify which e-commerce platform's CEO told employees in a 2024 memo that AI must be used before any team can request new headcount.,The CEO who issued the AI-before-hiring memo runs Shopify.
Companies,Mastercard,Which payments company launched a biometric checkout pilot program across European retailers in early 2024?,I am unable to verify which payments company launched a biometric checkout pilot program across European retailers in early 2024.,Mastercard launched a biometric checkout pilot across European retailers.
Countries,South Korea,Which East Asian country's president briefly declared martial law in December 2024 before the National Assembly voted to block it?,"I am not aware of any information about an East Asian country's president declaring martial law in December 2024. My knowledge cutoff is December 2023, and I do not have real-time information or future events.",South Korea
Countries,Egypt,Which North African country received an expanded IMF loan package worth $8 billion in March 2024 to stabilize its currency?,I am unable to verify which North African country received an expanded IMF loan package worth $8 billion in March 2024 to stabilize its currency.,The country that received the expanded $8 billion IMF package in March 2024 was Egypt.
Countries,Thailand,"In August 2024, which Southeast Asian country's progressive Move Forward Party was dissolved by the Constitutional Court?",I do not have information on the dissolution of the Move Forward Party by the Constitutional Court in August 2024.,The party dissolved by the Constitutional Court was the Move Forward Party in Thailand.
Countries,Colombia,Which South American country's government signed a bilateral ceasefire with the ELN guerrilla group that took effect in mid-2024?,I do not have information on a South American country's government signing a bilateral ceasefire with the ELN guerrilla group that took effect in mid-2024.,The bilateral ELN ceasefire was signed by Colombia.
Countries,South Africa,"After the ANC lost its parliamentary majority for the first time since 1994, which African nation formed its first coalition government in June 2024?",I am not aware of any information about the ANC losing its parliamentary majority for the first time since 1994.,South Africa
Countries,Pakistan,Which South Asian country held a general election in February 2024 while its most popular opposition leader remained imprisoned?,I do not have information on a South Asian country that held a general election in February 2024 with its most popular opposition leader imprisoned.,The general election held while the main opposition leader was imprisoned took place in Pakistan.
Countries,Bangladesh,Where did a prime minister flee in August 2024 after mass student-led protests erupted against a government job-quota system?,"I am not aware of any information about a prime minister fleeing in August 2024 due to mass student-led protests against a government job-quota system. My knowledge cutoff is December 2023, and I do not have real-time information or updates beyond that date.",The prime minister who fled amid mass student protests led Bangladesh.
Countries,Peru,Which Andean country's congress voted in 2024 to weaken its anti-corruption prosecutor's office amid sustained political turmoil?,I am unable to verify which Andean country's congress voted in 2024 to weaken its anti-corruption prosecutor's office amid sustained political turmoil.,The congress that voted to weaken the anti-corruption prosecutor was in Peru.
Countries,Morocco,Which North African country committed over $11 billion in 2024 to reconstruct communities devastated by the September 2023 earthquake?,I am unable to verify which North African country committed over $11 billion in 2024 to reconstruct communities devastated by the September 2023 earthquake.,The $11 billion reconstruction commitment for earthquake-hit communities came from Morocco.
Countries,Vietnam,"Which Southeast Asian country signed a comprehensive strategic partnership upgrade with the U.S. in 2024, boosting chip-investment flows?","I am unable to verify which Southeast Asian country signed a comprehensive strategic partnership upgrade with the U.S. in 2024, boosting chip-investment flows.",Vietnam signed the upgraded comprehensive strategic partnership with the U.S.
Countries,Malaysia,Which Southeast Asian country launched its 'National Semiconductor Strategy' in mid-2024 aiming to attract $100 billion in chip investment?,I do not have information on a Southeast Asian country launching a 'National Semiconductor Strategy' in mid-2024 aiming to attract $100 billion in chip investment.,Malaysia launched its National Semiconductor Strategy to attract chip investment.
Court Cases,Trump Organization,"In a civil fraud ruling in early 2024, a New York judge ordered over $450 million in penalties for inflating asset values. Which company's case was it?",I am unable to verify the company that was ordered to pay over $450 million in penalties for inflating asset values in a civil fraud ruling in early 2024.,Trump Organization
Court Cases,Binance,Which cryptocurrency exchange's founder was sentenced to four months in prison in April 2024 after the company's anti-money-laundering plea?,I am unable to verify which cryptocurrency exchange's founder was sentenced to four months in prison in April 2024 after the company's anti-money-laundering plea.,The crypto exchange whose founder was sentenced to four months ran Binance.
Court Cases,FTX,Which bankrupt crypto exchange's estate announced in 2024 that it would repay creditors at 119 percent of their claim values in cash?,I am unable to verify which bankrupt crypto exchange's estate announced in 2024 that it would repay creditors at 119 percent of their claim values in cash.,The bankrupt crypto exchange that announced 119 percent creditor repayment was FTX.
Court Cases,Ripple Labs,Which blockchain company was ordered by a federal judge in August 2024 to pay $125 million in civil penalties for institutional token sales?,I am unable to verify which blockchain company was ordered by a federal judge in August 2024 to pay $125 million in civil penalties for institutional token sales.,The $125 million civil penalty was levied against Ripple Labs.
Court Cases,Huawei,Which Chinese tech company remained under U.S. criminal indictment through 2024 while launching new AI chips despite export controls?,I am unable to verify which Chinese tech company remained under U.S. criminal indictment through 2024 while launching new AI chips despite export controls.,Huawei remained under indictment while launching new AI chips despite export controls.
Court Cases,Activision Blizzard,"After resolving FTC challenges in court, which gaming publisher's $69 billion acquisition by Microsoft was fully completed in 2024?",I am unable to verify which gaming publisher's $69 billion acquisition by Microsoft was fully completed in 2024.,Activision Blizzard
Court Cases,Telegram,Which messaging platform's CEO was arrested in France in August 2024 on charges related to enabling criminal activity on the app?,"I am not aware of any information about a messaging platform's CEO being arrested in France in August 2024. My knowledge cutoff is December 2023, and I do not have real-time information or updates beyond that date.","In August 2024, the CEO arrested in France ran Telegram."
Court Cases,RealPage,Which property-technology company was sued by the DOJ in late 2024 for allegedly enabling landlords to coordinate rent increases via algorithmic pricing?,I can't verify which property-technology company was sued by the DOJ in late 2024 for allegedly enabling landlords to coordinate rent increases via algorithmic pricing.,The target of the DOJ's algorithmic-pricing suit was RealPage.
Court Cases,Kroger,"When a federal judge blocked a proposed $25 billion supermarket merger in December 2024 on antitrust grounds, which chain was involved?",I can't verify which supermarket merger was blocked in December 2024.,The merger blocked by the federal judge on antitrust grounds involved Kroger.
Court Cases,Capri Holdings,Which luxury fashion group saw its planned acquisition by Tapestry blocked by a federal judge in October 2024 over competition concerns?,I am unable to verify which luxury fashion group saw its planned acquisition by Tapestry blocked by a federal judge in October 2024 over competition concerns.,Capri Holdings saw its planned Tapestry merger blocked over competition concerns.
Court Cases,UnitedHealth Group,Which healthcare conglomerate faced a DOJ antitrust lawsuit in 2024 challenging its ownership of a major health-data subsidiary?,I am unable to verify which healthcare conglomerate faced a DOJ antitrust lawsuit in 2024 challenging its ownership of a major health-data subsidiary.,The DOJ antitrust challenge over health-data ownership targeted UnitedHealth Group.
Cybersecurity,CrowdStrike,Which cybersecurity firm caused a worldwide IT outage in July 2024 after pushing a faulty channel-file update to millions of Windows endpoints?,I am unable to verify which cybersecurity firm caused a worldwide IT outage in July 2024 after pushing a faulty channel-file update to millions of Windows endpoints.,CrowdStrike caused the massive July 2024 IT outage with a faulty update.
Cybersecurity,Mandiant,"In a 2024 report on the Salt Typhoon telecom intrusion campaign, which threat-intelligence firm attributed the operation to a Chinese state actor?",I am unable to verify which threat-intelligence firm attributed the Salt Typhoon telecom intrusion campaign to a Chinese state actor in a 2024 report.,Mandiant
Cybersecurity,Kaspersky,Which Russian-headquartered antivirus vendor was banned from sale in the United States effective July 2024 over national-security concerns?,I do not have information on a Russian-headquartered antivirus vendor being banned from sale in the United States effective July 2024.,The antivirus software banned from U.S. sale over national-security concerns was Kaspersky.
Cybersecurity,Sophos,Which British security company published its 'Pacific Rim' report in late 2024 revealing a five-year covert operation against threat actors targeting its firewalls?,I am unable to verify which British security company published its 'Pacific Rim' report in late 2024.,Sophos
Cybersecurity,LockBit,"After a multinational law-enforcement operation in February 2024, which ransomware gang had its servers seized and affiliate infrastructure disrupted?",I am unable to verify which ransomware gang had its servers seized and affiliate infrastructure disrupted in a multinational law-enforcement operation in February 2024.,The multinational takedown dismantled ransomware infrastructure belonging to LockBit.
Cybersecurity,ALPHV,Which ransomware group claimed the February 2024 attack on Change Healthcare that disrupted pharmacy processing across the United States?,I do not have information on a ransomware attack on Change Healthcare in February 2024.,ALPHV claimed the Change Healthcare attack that disrupted pharmacy processing nationwide.
Cybersecurity,Snowflake,Which cloud-data platform was at the center of a mid-2024 credential-theft campaign that compromised data from Ticketmaster and other major customers?,I am unable to verify which cloud-data platform was at the center of a mid-2024 credential-theft campaign that compromised data from Ticketmaster and other major customers.,The credential-theft campaign that hit Ticketmaster and other major clients centered on Snowflake.
Cybersecurity,XZ Utils,Which open-source compression library was found in March 2024 to contain a deliberately planted backdoor that nearly compromised SSH on Linux systems worldwide?,I am unable to verify which open-source compression library was found in March 2024 to contain a deliberately planted backdoor that nearly compromised SSH on Linux systems worldwide.,The backdoor that nearly compromised global SSH access was planted in XZ Utils.
Cybersecurity,CDK Global,"During a June 2024 ransomware attack, which auto-dealership software provider's systems were shut down, crippling thousands of car dealerships?",I am unable to verify which auto-dealership software provider's systems were shut down due to a ransomware attack in June 2024.,A ransomware attack on CDK Global shut down thousands of dealerships across North America.
Cybersecurity,Midnight Blizzard,Which Russian state-linked threat group breached Microsoft's corporate email in January 2024 by password-spraying a legacy test account?,I am unable to verify which Russian state-linked threat group breached Microsoft's corporate email in January 2024 by password-spraying a legacy test account.,Microsoft's corporate email was breached by the threat group Midnight Blizzard.
Cybersecurity,Volt Typhoon,Which Chinese state-sponsored hacking group was reported in early 2024 to have pre-positioned inside U.S. critical infrastructure networks?,I am unable to verify which Chinese state-sponsored hacking group was reported in early 2024 to have pre-positioned inside U.S. critical infrastructure networks.,The group found pre-positioned inside U.S. critical infrastructure networks was Volt Typhoon.
Elections,Sri Lanka,Which South Asian island nation elected the Marxist-leaning candidate Anura Kumara Dissanayake as president in September 2024?,I do not have information on a South Asian island nation electing a Marxist-leaning candidate named Anura Kumara Dissanayake as president in September 2024.,Sri Lanka elected Dissanayake as president in a surprise vote driven by economic-crisis anger.
Elections,Costa Rica,Which Central American country held municipal elections in February 2024 that saw the ruling party suffer significant losses?,I am unable to verify which Central American country held municipal elections in February 2024 that saw the ruling party suffer significant losses.,Costa Rica
Elections,Ireland,Which European country held a snap general election in November 2024 that returned the outgoing coalition partners to power?,"I'm not aware of any information about a European country holding a snap general election in November 2024. My knowledge cutoff is December 2023, and I do not have real-time information.",The snap general election that returned the outgoing coalition to power was in Ireland.
Elections,Portugal,"After its prime minister resigned over a corruption probe, which southern European country held early parliamentary elections in March 2024?",I am not aware of any information about a southern European country holding early parliamentary elections in March 2024 due to a prime minister resigning over a corruption probe.,Portugal
Elections,Senegal,Which West African country elected the young opposition candidate Bassirou Diomaye Faye as president in March 2024?,I do not have information on a West African country electing a president named Bassirou Diomaye Faye in March 2024.,The March 2024 presidential election in Senegal was won by Bassirou Diomaye Faye.
Elections,Georgia,Where did a disputed parliamentary election in October 2024 spark large pro-EU protests after the ruling party claimed victory?,"I am not aware of any information about a disputed parliamentary election in October 2024. My knowledge cutoff is December 2023, and I do not have real-time information or updates beyond that date.",Georgia held the disputed parliamentary election that sparked large pro-EU protests.
Elections,Croatia,"In the April 2024 parliamentary elections, which EU member state's ruling HDZ party narrowly won the most seats?",I am unable to verify which EU member state's ruling HDZ party won the most seats in the April 2024 parliamentary elections.,"In the parliamentary vote, the ruling HDZ narrowly won the most seats in Croatia."
Elections,Serbia,Which Balkan country saw large-scale opposition protests in early 2024 alleging fraud in the December 2023 parliamentary elections?,I am not aware of any information about large-scale opposition protests in early 2024 in any Balkan country alleging fraud in the December 2023 parliamentary elections.,Serbia
Elections,Panama,Which Central American country elected José Raúl Mulino as president in May 2024 as a stand-in for a disqualified frontrunner?,I do not have information on a Central American country electing a president named José Raúl Mulino in May 2024.,The presidential election won by Mulino as a stand-in for a disqualified frontrunner took place in Panama.
Elections,Uruguay,"Which South American country elected Yamandú Orsi as president in a November 2024 runoff, returning the left to power?",I do not have information on a South American country electing Yamandú Orsi as president in a November 2024 runoff.,Uruguay elected Yamandú Orsi as president in the November 2024 runoff.
Elections,Taiwan,Which island democracy held a presidential election in January 2024 where the ruling DPP's candidate Lai Ching-te won amid cross-strait tensions?,I am unable to verify which island democracy held a presidential election in January 2024 where the ruling DPP's candidate Lai Ching-te won amid cross-strait tensions.,Taiwan
Laws,Dodd-Frank Act,Which U.S. financial-regulation law's stress-testing requirements were debated in 2024 after the FDIC proposed new rules following the 2023 regional-bank failures?,"I am not aware of any information about the FDIC proposing new rules in 2024 following the 2023 regional-bank failures. However, I can tell you that the U.S. financial-regulation law that has stress-testing requirements is the Dodd-Frank Wall Street Reform and Consumer Protection Act.",Dodd-Frank Act
Laws,Sarbanes-Oxley Act,Which U.S. corporate-governance law was cited by the SEC in 2024 when it charged executives of a major EV startup with certifying false financial statements?,I can't verify which U.S. corporate-governance law was cited by the SEC in 2024 when it charged executives of a major EV startup with certifying false financial statements.,The SEC's charges against the EV startup executives cited the Sarbanes-Oxley Act.
Laws,COPPA,Which U.S. children's-privacy law received its first major update in over two decades when the FTC finalized new rules in 2024?,I do not have information on a U.S. children's-privacy law receiving its first major update in over two decades in 2024.,COPPA received its first major update in over two decades with new FTC rules.
Laws,CHIPS and Science Act,"Under which U.S. law were billions in direct subsidies awarded in 2024 to Intel, TSMC, and Samsung for building chip fabrication plants domestically?","I am unable to verify the U.S. law that awarded billions in direct subsidies to Intel, TSMC, and Samsung for building chip fabrication plants domestically in 2024.","The CHIPS and Science Act funded major chip-fab subsidies for Intel, TSMC, and Samsung."
Laws,Inflation Reduction Act,Which U.S. climate law's clean-energy tax credits drove over $100 billion in new battery and solar factory announcements throughout 2024?,I can't verify which U.S. climate law's clean-energy tax credits drove over $100 billion in new battery and solar factory announcements throughout 2024.,Inflation Reduction Act
Laws,FISA,"When Congress debated Section 702 warrantless searches in April 2024, which U.S. foreign-intelligence surveillance law was ultimately reauthorized?",I am unable to verify which U.S. foreign-intelligence surveillance law was reauthorized in April 2024.,Congress reauthorized FISA in April 2024 despite the contentious Section 702 debate.
Laws,AI Executive Order,Which October 2023 presidential directive established new safety-testing requirements for advanced AI systems that agencies began implementing throughout 2024?,I am unable to verify which October 2023 presidential directive established new safety-testing requirements for advanced AI systems.,Agencies spent the year implementing the AI Executive Order's safety-testing requirements.
Laws,KOSA,Which proposed U.S. child-safety bill passed the Senate in July 2024 with bipartisan support to strengthen protections for minors on social-media platforms?,I am unable to verify which U.S. child-safety bill passed the Senate in July 2024 with bipartisan support to strengthen protections for minors on social-media platforms.,KOSA passed the Senate with broad bipartisan backing.
Laws,DORA,Which EU regulation on digital operational resilience for financial institutions took effect in January 2025 after a two-year implementation period?,I do not have information on a specific EU regulation on digital operational resilience for financial institutions that took effect in January 2025.,The EU financial-resilience regulation that took effect for financial institutions was DORA.
Laws,Protecting Americans from Foreign Adversary Controlled Applications Act,Which U.S. law signed in April 2024 required a major Chinese-owned social-media platform's parent company to divest or face a nationwide ban?,I am not aware of any U.S. law signed in April 2024 that required a major Chinese-owned social-media platform's parent company to divest or face a nationwide ban.,The divestiture law targeting a Chinese-owned social platform was the Protecting Americans from Foreign Adversary Controlled Applications Act.
Laws,California SB 1047,A state-level AI safety bill passed the California legislature in 2024 but was vetoed by the governor in September. What was it called?,I am unable to verify the name of the bill you are referring to.,California SB 1047
Movies,The Substance,"In May 2024 at Cannes, which body-horror film directed by Coralie Fargeat premiered and later became a surprise commercial hit?",I am unable to verify which body-horror film directed by Coralie Fargeat premiered at Cannes in May 2024.,The Substance
Movies,Conclave,Which Vatican-set thriller released in October 2024 was praised for Ralph Fiennes's lead performance and earned multiple Oscar nominations?,I am unable to verify which Vatican-set thriller released in October 2024 was praised for Ralph Fiennes's lead performance and earned multiple Oscar nominations.,Conclave earned multiple Oscar nominations following its theatrical release.
Movies,Nosferatu,Which gothic horror remake directed by Robert Eggers opened in theaters in December 2024 and exceeded box-office expectations?,I am unable to verify which gothic horror remake directed by Robert Eggers opened in theaters in December 2024 and exceeded box-office expectations.,The gothic horror remake that exceeded box-office expectations was Nosferatu.
Movies,A Complete Unknown,Which biographical drama about a young Bob Dylan released in late 2024 earned Timothée Chalamet a best-actor Oscar nomination?,I am unable to verify which biographical drama about a young Bob Dylan released in late 2024 earned Timothée Chalamet a best-actor Oscar nomination.,A Complete Unknown earned Chalamet an Oscar nomination for playing a young Bob Dylan.
Movies,The Wild Robot,Which animated film about a robot surviving in the wilderness opened in September 2024 and was acclaimed as the best family film of the year?,I can't verify which animated film about a robot surviving in the wilderness opened in September 2024 and was acclaimed as the best family film of the year.,The animated family hit about a robot in the wilderness was The Wild Robot.
Movies,Gladiator II,"At its November 2024 premiere, which epic sequel set in ancient Rome featured Paul Mescal taking over the lead role?",I am unable to verify which epic sequel set in ancient Rome featured Paul Mescal in the lead role at its November 2024 premiere.,The November 2024 Roman epic sequel starring Paul Mescal was Gladiator II.
Movies,Sing Sing,Which 2024 prison drama featured real formerly incarcerated actors and earned Colman Domingo a best-actor Oscar nomination?,I am unable to verify which 2024 prison drama featured real formerly incarcerated actors and earned Colman Domingo a best-actor Oscar nomination.,Sing Sing
Movies,Nickel Boys,The 2024 adaptation of Colson Whitehead's Pulitzer-winning novel used a distinctive first-person camera technique. What was the film called?,I am unable to verify the name of the 2024 film adaptation of Colson Whitehead's Pulitzer-winning novel that used a distinctive first-person camera technique.,The adaptation using a first-person camera technique was Nickel Boys.
Movies,5-Sep,Which 2024 film dramatized the behind-the-scenes ABC broadcast decisions during the 1972 Munich Olympics hostage crisis?,I am unable to verify which 2024 film dramatized the behind-the-scenes ABC broadcast decisions during the 1972 Munich Olympics hostage crisis.,September 5 dramatized the behind-the-scenes broadcast decisions during the Munich Olympics crisis.
Movies,Babygirl,Which erotic thriller released in December 2024 starred Nicole Kidman in a power-dynamic corporate affair and earned her an Oscar nomination?,I am unable to verify which erotic thriller released in December 2024 starred Nicole Kidman in a power-dynamic corporate affair and earned her an Oscar nomination.,The erotic thriller that earned Nicole Kidman an Oscar nomination was Babygirl.
Movies,The Brutalist,Which 2024 epic drama about a Hungarian architect immigrating to postwar America earned Brady Corbet a best-director nomination?,I am unable to verify which 2024 film earned Brady Corbet a best-director nomination.,The Brutalist earned Brady Corbet a best-director nomination for its epic immigrant story.
Organizations,Deloitte,Which Big Four firm announced in 2024 that it would invest over $2 billion in its AI and cloud consulting practices?,I am unable to verify which Big Four firm announced in 2024 that it would invest over $2 billion in its AI and cloud consulting practices.,The Big Four firm that announced a $2 billion AI consulting investment was Deloitte.
Organizations,McKinsey,"After years of litigation, which global consulting firm agreed in 2024 to pay $650 million to settle claims tied to the U.S. opioid crisis?",I am unable to verify which global consulting firm agreed to pay $650 million to settle claims tied to the U.S. opioid crisis in 2024.,McKinsey
Organizations,Berkshire Hathaway,Which conglomerate disclosed in 2024 that it sold roughly half its Apple stake while building cash reserves to a record $325 billion?,I am unable to verify which conglomerate sold roughly half its Apple stake while building cash reserves to a record $325 billion in 2024.,Berkshire Hathaway sold about half its Apple holdings while amassing record cash reserves.
Organizations,Citigroup,"In early 2024, which major bank executed a large-scale restructuring that eliminated 20,000 positions to simplify management?","I am unable to verify which major bank executed a large-scale restructuring that eliminated 20,000 positions in early 2024.","The major restructuring that eliminated 20,000 positions was at Citigroup."
Organizations,Morgan Stanley,Which investment bank reported in 2024 that its wealth-management division surpassed $7 trillion in client assets?,I am unable to verify which investment bank reported its wealth-management division surpassed $7 trillion in client assets in 2024.,Morgan Stanley's wealth division surpassed $7 trillion in client assets.
Organizations,Lockheed Martin,Which defense contractor received multi-billion-dollar F-35 orders from allied nations in 2024 amid rising global defense spending?,I am unable to verify which defense contractor received multi-billion-dollar F-35 orders from allied nations in 2024.,The multi-billion-dollar F-35 orders from allied nations went to Lockheed Martin.
Organizations,Palantir,"When the S&P 500 index added a data-analytics company in September 2024, which firm saw its stock double that year on AI-demand optimism?",I can't verify which data-analytics company was added to the S&P 500 in September 2024.,The data-analytics firm that joined the S&P 500 with its stock doubling that year was Palantir.
Organizations,SpaceX,Which private aerospace company successfully caught a returning Super Heavy booster with its launch-tower arms in October 2024?,I am unable to verify which private aerospace company successfully caught a returning Super Heavy booster with its launch-tower arms in October 2024.,The successful booster catch using launch-tower arms was achieved by SpaceX.
Organizations,Anthropic,Which AI-safety startup raised $4 billion from Amazon in early 2024 and released its Claude 3 model family in March?,I am unable to verify which AI-safety startup raised $4 billion from Amazon in early 2024 and released its Claude 3 model family in March.,"In early 2024, the AI startup that raised $4 billion from Amazon and released Claude 3 was Anthropic."
Organizations,World Bank,Which multilateral institution announced in 2024 a reform package to unlock $100 billion in additional climate-related lending?,I am unable to verify which multilateral institution announced a reform package to unlock $100 billion in additional climate-related lending in 2024.,The $100 billion climate-lending reform was announced by the World Bank.
Organizations,UNRWA,Which UN relief agency faced funding suspensions from multiple countries in early 2024 after allegations that staff were involved in the October 2023 attack?,I am unable to verify which UN relief agency faced funding suspensions from multiple countries in early 2024 after allegations that staff were involved in the October 2023 attack.,UNRWA faced funding cuts from multiple countries over staff-involvement allegations.
Politicians,Rishi Sunak,Which British prime minister called a surprise early general election in May 2024 and led his party to a historic landslide defeat in July?,"I'm not aware of any information about a British prime minister calling a surprise early general election in May 2024 and leading their party to a historic landslide defeat in July 2024. My knowledge cutoff is December 2023, and I do not have real-time information or updates beyond that date.",Rishi Sunak called a surprise early election and led his party to a historic landslide defeat.
Politicians,Mark Rutte,Which former Dutch prime minister officially took over as NATO Secretary General in October 2024?,I do not have information on a former Dutch prime minister taking over as NATO Secretary General in October 2024.,Mark Rutte
Politicians,Pedro Sánchez,Which Spanish prime minister threatened to resign in April 2024 over a judicial investigation into his wife's business dealings?,I do not have information on a Spanish prime minister who threatened to resign in April 2024 over a judicial investigation into his wife's business dealings.,The Spanish prime minister who threatened to resign over his wife's legal probe was Pedro Sánchez.
Politicians,Fumio Kishida,"In August 2024, which Japanese prime minister announced he would not seek re-election as party leader amid plummeting approval ratings?",I am unable to verify which Japanese prime minister announced he would not seek re-election as party leader amid plummeting approval ratings in August 2024.,Fumio Kishida announced he would not seek re-election as party leader amid falling approval ratings.
Politicians,Anthony Albanese,Which Australian prime minister signed into law a world-first ban on social media for children under sixteen in November 2024?,I do not have information on an Australian prime minister signing into law a world-first ban on social media for children under sixteen in November 2024.,Anthony Albanese
Politicians,Yoon Suk Yeol,"When the National Assembly voted to impeach in December 2024 following a brief martial-law declaration, which South Korean president was removed?",I am unable to verify which South Korean president was removed from office in December 2024.,The president impeached after the brief martial-law episode was Yoon Suk Yeol.
Politicians,Prabowo Subianto,Which Indonesian defense minister won the February 2024 presidential election by a wide margin on his third attempt?,I do not have information on the winner of the February 2024 Indonesian presidential election.,Prabowo Subianto won the February 2024 Indonesian presidential election on his third attempt.
Politicians,Nayib Bukele,Which Central American president won re-election in February 2024 by a landslide despite constitutional concerns about consecutive candidacy?,I am not aware of any Central American president who won re-election in February 2024.,The Central American leader who won a disputed re-election despite constitutional concerns was Nayib Bukele.
Politicians,Kamala Harris,"After the incumbent withdrew from the presidential race in July 2024, which U.S. vice president became her party's nominee?","I'm not aware of any information about a U.S. vice president becoming a presidential nominee after an incumbent withdrew in July 2024. My knowledge cutoff is December 2023, and I do not have real-time information or updates beyond that date.",The nominee who emerged in July 2024 after the incumbent withdrew was Kamala Harris.
Politicians,Ursula von der Leyen,Which European Commission president was confirmed for a second five-year term by the European Parliament in July 2024?,I am not aware of any information about a European Commission president being confirmed for a second five-year term by the European Parliament in July 2024.,The Commission president confirmed for a second term by the European Parliament was Ursula von der Leyen.
Politicians,Anwar Ibrahim,Which Malaysian prime minister hosted a major APEC summit in late 2024 and pushed for expanded economic ties with China and the West?,I am unable to verify which Malaysian prime minister hosted a major APEC summit in late 2024.,Anwar Ibrahim hosted the APEC summit and promoted broader economic engagement with major powers.
Products,PlayStation 5 Pro,The upgraded gaming console that launched in November 2024 at $699 offered enhanced ray tracing and AI upscaling. What was it?,"I'm not aware of any information about a gaming console that launched in November 2024. My knowledge cutoff is December 2023, and I do not have information about future events or products that have not yet been released.",PlayStation 5 Pro
Products,Meta Quest 3,Which mixed-reality headset released in late 2023 became the best-selling VR device of 2024 thanks to its full-color passthrough?,I am unable to verify which mixed-reality headset released in late 2023 became the best-selling VR device of 2024.,The best-selling VR headset with full-color passthrough was the Meta Quest 3.
Products,Google Pixel Watch 3,Which smartwatch released in August 2024 introduced a larger 45mm display and deeper Fitbit health integration?,I am unable to verify which smartwatch released in August 2024 introduced a larger 45mm display and deeper Fitbit health integration.,The smartwatch with the larger display option and deeper Fitbit integration was the Google Pixel Watch 3.
Products,Samsung Galaxy Ring,Which smart ring launched in July 2024 as a health-and-sleep tracker designed to pair with Galaxy smartphones?,I am unable to verify which smart ring was launched in July 2024 as a health-and-sleep tracker designed to pair with Galaxy smartphones.,Samsung Galaxy Ring
Products,Rivian R2,"In March 2024 at a special unveiling event, which midsize electric SUV was revealed with a starting price under $45,000?","I am unable to verify the midsize electric SUV that was unveiled in March 2024 with a starting price under $45,000.","The midsize EV unveiled at under $45,000 was the Rivian R2."
Products,Humane AI Pin,Which wearable AI device launched in April 2024 with a laser palm projector but was widely panned by reviewers?,I am unable to verify which wearable AI device launched in April 2024 with a laser palm projector and was widely panned by reviewers.,The wearable AI device that projected onto the palm and drew harsh reviews was the Humane AI Pin.
Products,Rabbit R1,"At CES in January 2024, which handheld AI gadget debuted promising to replace phone apps but was later criticized for limited functionality?",I am unable to verify which handheld AI gadget debuted at CES in January 2024.,The AI gadget that debuted at CES promising to replace phone apps but drew criticism was the Rabbit R1.
Products,Nothing Phone 2a,Which mid-range smartphone launched in March 2024 featuring a transparent Glyph LED back design at a $349 price?,I am unable to verify which mid-range smartphone launched in March 2024 featuring a transparent Glyph LED back design at a $349 price.,Nothing Phone 2a featured a transparent LED back design at a mid-range price point.
Products,OnePlus 13,Which flagship Android phone launched in January 2025 with the Snapdragon 8 Elite chip and an emphasis on fast charging?,I can't verify which flagship Android phone was launched in January 2025 with the Snapdragon 8 Elite chip and an emphasis on fast charging.,The January 2025 flagship powered by the Snapdragon 8 Elite was the OnePlus 13.
Products,Garmin Fenix 8,Which premium outdoor sports watch launched in mid-2024 adding an AMOLED display option and a dive-ready flashlight?,I am unable to verify which premium outdoor sports watch launched in mid-2024 with an AMOLED display option and a dive-ready flashlight.,Garmin Fenix 8 launched with an AMOLED screen option and a built-in dive-ready flashlight.
Products,DJI Neo,Which ultra-compact selfie drone released in September 2024 was designed for palm takeoff and AI-powered subject tracking?,I am unable to verify the name of the ultra-compact selfie drone released in September 2024 that was designed for palm takeoff and AI-powered subject tracking.,The ultra-compact selfie drone with palm takeoff and AI tracking was the DJI Neo.
Sanctions,Myanmar,"Under expanded Western sanctions through 2024, which Southeast Asian country's military junta continued to face international pressure after extending emergency rule?",I am unable to verify which Southeast Asian country's military junta continued to face international pressure after extending emergency rule under expanded Western sanctions through 2024.,Myanmar
Sanctions,Syria,"After the Assad regime fell in December 2024, which Middle Eastern country saw some European sanctions eased in early 2025?",I can't provide information on future events or developments.,Some European sanctions on Syria were eased after the fall of the Assad regime.
Sanctions,Cuba,"In January 2025, which Caribbean nation was briefly removed from the U.S. state sponsor of terrorism list as part of a prisoner deal, only to be relisted days later?","I am unable to verify which Caribbean nation was briefly removed from the U.S. state sponsor of terrorism list in January 2025, only to be relisted days later.",Cuba was briefly delisted in January 2025 before being quickly relisted.
Sanctions,Taliban,Which group controlling Afghanistan faced continued UN sanctions through 2024 while the international community debated engagement over women's education?,"The Taliban, an Islamist group, controlled Afghanistan after the withdrawal of US and NATO forces in 2021. The Taliban faced continued UN sanctions through 2024 while the international community debated engagement over women's education.","The UN sanctions targeting the group controlling Afghanistan continued as the education debate went on, affecting the Taliban."
Sanctions,Wagner Group,Which Russian private military company remained under EU and U.S. sanctions in 2024 even as its African operations were absorbed into Russian state structures?,I am unable to verify which Russian private military company remained under EU and U.S. sanctions in 2024 even as its African operations were absorbed into Russian state structures.,Wagner Group
Sanctions,Hezbollah,Which Lebanon-based group faced intensified U.S. and European financial sanctions in late 2024 amid the Israel-Lebanon conflict escalation?,I can't verify which Lebanon-based group faced intensified U.S. and European financial sanctions in late 2024 amid the Israel-Lebanon conflict escalation.,Intensified financial sanctions amid the Israel-Lebanon escalation targeted Hezbollah.
Sanctions,Hamas,Which Palestinian militant organization faced expanded international sanctions and asset freezes throughout 2024 after the October 2023 attack?,I am unable to verify which Palestinian militant organization faced expanded international sanctions and asset freezes throughout 2024 after the October 2023 attack.,Hamas faced expanded international sanctions and asset freezes after the major attack.
Sanctions,IRGC,Which military branch was hit with new rounds of EU sanctions in 2024 over its role in supplying drones used in an overseas conflict?,I am unable to verify which military branch was hit with new rounds of EU sanctions in 2024 over its role in supplying drones used in an overseas conflict.,IRGC
Sanctions,Kaspersky Lab,Which Russian cybersecurity company was effectively blocked from the U.S. market when the Commerce Department banned its software in June 2024?,I am unable to verify which Russian cybersecurity company was banned from the U.S. market in June 2024.,Kaspersky Lab was effectively blocked from the U.S. market by a Commerce Department ban.
Sanctions,DJI,Which Chinese drone manufacturer was placed on a U.S. Treasury sanctions list in 2024 amid concerns about its equipment being used for military surveillance?,I am not aware of any Chinese drone manufacturer being placed on a U.S. Treasury sanctions list in 2024.,The Chinese drone maker placed on the U.S. sanctions list was DJI.
Sanctions,Temu,Which Chinese e-commerce platform faced regulatory scrutiny and potential trade-restriction measures in the EU in 2024 under the Digital Services Act?,I am unable to verify which Chinese e-commerce platform faced regulatory scrutiny and potential trade-restriction measures in the EU in 2024 under the Digital Services Act.,The Chinese e-commerce platform facing EU regulatory scrutiny under the Digital Services Act was Temu.
Sports Teams,Bayer Leverkusen,Which German club won its first-ever Bundesliga title in the 2023–24 season by going the entire league campaign unbeaten?,I do not have information on the 2023-24 season.,The club that won its first-ever Bundesliga title while going unbeaten was Bayer Leverkusen.
Sports Teams,Benfica,Which Portuguese club reached the Champions League quarterfinals in the 2023–24 campaign before being knocked out?,I do not have information on the 2023-24 UEFA Champions League campaign.,Benfica
Sports Teams,AS Roma,Which Italian capital club reached the Europa League semifinal in 2023–24 under manager Daniele De Rossi?,I do not have information on the 2023-24 season.,The Europa League semifinal under De Rossi was reached by AS Roma.
Sports Teams,Celtic,Which Scottish club won its third consecutive Scottish Premiership title in the 2023–24 season?,I don't have information on the 2023-24 season as my knowledge cutoff is December 2023.,Celtic
Sports Teams,Galatasaray,"During the 2024 season, which Turkish club won consecutive Süper Lig titles with a squad featuring several high-profile European signings?",I do not have information on the 2024 season.,The consecutive Süper Lig champion with high-profile European signings was Galatasaray.
Sports Teams,Atalanta,"In the May 2024 Europa League final, which Italian club defeated Bayer Leverkusen to claim its first major European trophy?",I do not have information on the 2024 Europa League final.,"Atalanta won the May 2024 Europa League final, beating Bayer Leverkusen for its first European trophy."
Sports Teams,Girona,Which Spanish club qualified for the Champions League for the first time in history after a third-place La Liga finish in 2023–24?,I am not aware of the current information about the 2023-24 La Liga season.,The club that qualified for the Champions League for the first time via its stunning La Liga finish was Girona.
Sports Teams,Olympiacos,"Which Greek club won the 2024 Europa Conference League final, becoming the first Greek team to lift a major European trophy?","I am not aware of any information about the 2024 Europa Conference League final. My knowledge cutoff is December 2023, and I do not have information on future events.",Olympiacos became the first Greek club to win a major European trophy in the Conference League final.
Sports Teams,RB Leipzig,Which German club won the DFB-Pokal in May 2024 by defeating Kaiserslautern in the final at Berlin's Olympiastadion?,I do not have information on the 2024 DFB-Pokal final.,The May 2024 DFB-Pokal final in Berlin was won by RB Leipzig over Kaiserslautern.
Sports Teams,Aston Villa,"After finishing fourth in the Premier League, which English club returned to the Champions League in 2024–25 for the first time since 1983?",I am unable to verify which English club returned to the Champions League in 2024–25 for the first time since 1983.,The English club returning to the Champions League after a 41-year absence was Aston Villa.
Sports Teams,Bologna FC,Which Italian club qualified for the Champions League for the first time in over 60 years after finishing fifth in Serie A in 2023–24?,I am unable to verify which Italian club qualified for the Champions League for the first time in over 60 years after finishing fifth in Serie A in 2023–24.,"Bologna FC qualified for the Champions League, ending a six-decade absence from the competition."
