word,question,answer
Wind,"According to data from the Parker Solar Probe analyzed in late 2025, what specific stream of particles acts as the driving force behind the ""S-shaped"" magnetic kinks (switchbacks) observed in the Sun's corona?",The driving force is the solar wind.
Wind,"The ""S-shaped"" magnetic kinks observed in the solar corona are driven by a stream of particles known as the solar ___?",Wind
Wind,"The ""Serra do Assuruá"" complex in Brazil recently came online with 188 generators to harvest what specific resource?",The complex harvests wind energy.
Wind,"The ""termination shock"" boundary is defined by the collision between interstellar material and what specific solar flow?",It is defined by the solar wind.
Map,"The ""Supernova"" bunker was a major addition to the playable area of the Fortnite ___?",Map
Map,"The ""M"" in the acronym of the NASA mission launched to the L1 Lagrange point stands for what specific word?",Mapping
Map,"The primary scientific objective of the IMAP mission is to create a global visualization of the heliosphere's boundary, technically called a... what?",The objective is to create a global map.
Fire,"The ""Ash People"" introduced in James Cameron's third Na'vi film belong to a clan defined by which element?",They are the Fire Nation.
Fire,"The FAO launched a global ""Hub"" at the COP30 summit to improve the management of what specific natural hazard?",It manages fire hazards.
Fire,What word completes the official title of the third installment in James Cameron's Na'vi saga: Avatar: ___ and Ash?,Fire
Oasis,The Gallagher brothers reunited for a global tour in late 2025 under the banner of which name?,Oasis
Oasis,Cage the Elephant was announced as the support act for the North American tour of which specific headliner?,The headliner is Oasis.
Oasis,A series of historic concerts at Wembley Stadium marked the official return of the group known as... what?,The group is Oasis.
Phone,"The ""Air"" model replaced the ""Plus"" model in the 17th generation lineup of the i___?",Phone
Phone,"The ""Magic Cue"" AI feature, designed to scan messages for information, was launched on the latest generation of the Pixel ___?",Phone
iPhone,"The device that discontinued its ""Plus"" variant in favor of a slimmer ""Air"" model is the i... what?",It is the iPhone.
Forest,"The ""TFFF"" financial mechanism operationalized at COP30 stands for the ""Tropical ___ Forever Facility.""",Forest
Forest,"The COP30 summit was held in Belém, Brazil, to specifically highlight the preservation needs of the Amazon ___?",Forest
Forest,"In the Premier League match at the City Ground, Everton FC faced the club from Nottingham known as... what?",They faced Nottingham Forest.
Category,"""Melissa"" was designated a ""___ 5"" storm, the highest rating on the Saffir-Simpson scale.",Category
Category,"The film Avatar: Fire and Ash was shortlisted for the Academy Award in the ""Best Visual Effects"" ___?",Category
Category,The rating assigned to the storm that impacted Jamaica was a Level 5 ___?,Category
Pixel,"The Tensor G5 chip, manufactured by TSMC, is the power source for the 10th generation of the Google ___?",Pixel
Pixel,"The ""Camera Coach"" real-time photography guide is a feature exclusive to the Google ___?",Pixel
Pixel,"Google's 2025 flagship hardware, featuring the ""Magic Cue"" AI, is released under which brand name?",It is the Pixel brand.
GTA,"The ""Leonida"" setting was confirmed for the sixth main entry in the franchise ___?",GTA
GTA,The developer IO Interactive released 007: First Light to fill the revenue gap left by the delay of Grand Theft ___?,GTA
GTA,The massive drop in Take-Two's stock price was caused by the delay of the sixth installment of Grand Theft... what?,It was GTA.
Windows,"The ""25H2"" update introduced deeper AI controls to the taskbar of the operating system known as ___ 11?",Windows
Windows,A new settings menu allowing users to move on-screen volume indicators was added to the platform called ___?,Windows
Windows,"The ""AI Actions"" submenu for summarizing documents was integrated into the File Explorer of which OS?",It is in Windows.
Switch,Metroid Prime 4: Beyond was confirmed as a flagship title for the successor to the Nintendo ___?,Switch
Switch,The device featuring Pokémon Legends: Z-A as a holiday release is the Nintendo ___?,Switch
Nintendo Switch,The next-generation hardware from Nintendo is the direct successor to the console known as the... what?,It succeeds the Nintendo Switch.
Zoe Saldaña,The actress portraying the warrior Neytiri in the third film of the Avatar saga is ___?,Zoe Saldaña
Zoe Saldaña,Who became the first actor to star in four different films that each grossed over $2 billion worldwide?,The record is held by Zoe Saldaña.
Zoe Saldaña,"The star appearing opposite Oona Chaplin in the film introducing the ""Ash People"" is... who?",The star is Zoe Saldaña.
Ariana Grande,The role of Glinda the Good Witch in the film adaptation of Wicked is played by ___?,Ariana Grande
Ariana Grande,Who hosted the season finale of Saturday Night Live to promote the R.E.M. Beauty line?,The host was Ariana Grande.
Ariana Grande,"The artist who topped the music charts with the ballad ""For Good"" from a movie soundtrack is... who?",The artist is Ariana Grande.
Lewis Hamilton,The driver who completed his final race for Mercedes at the Abu Dhabi Grand Prix is ___?,Lewis Hamilton
Lewis Hamilton,Who finished the 2025 Formula 1 season in third place immediately before transferring to Ferrari?,It was Lewis Hamilton.
Lewis Hamilton,"The driver photographed in Maranello for a seat fitting with the ""Prancing Horse"" team is... who?",The driver is Lewis Hamilton.
David Corenswet,The actor portraying Clark Kent in the first film of the new DC Universe is ___?,David Corenswet
David Corenswet,Who was featured on Men's Health discussing the workout routine for the Superman role?,The actor is David Corenswet.
David Corenswet,The headliner of the Superman: Legacy panel at San Diego Comic-Con was... who?,It was David Corenswet.
Pedro Pascal,The actor playing Reed Richards in the film The Fantastic Four: First Steps is ___?,Pedro Pascal
Pedro Pascal,"People magazine named which Gladiator II star the ""Sexiest Man Alive""?",The star is Pedro Pascal.
Pedro Pascal,The actor currently filming the third season of The Last of Us in Vancouver is... who?,The actor is Pedro Pascal.
Squid Game,"Director Hwang Dong-hyuk confirmed the ""Front Man"" has an expanded role in the second season of ___?",Squid Game
Squid Game,"The ""Red Light, Green Light"" doll returned in the promotional teaser for the new season of ___?",Squid Game
Squid Game,"A reality fan experience opened in NYC to celebrate the return of ""Player 456"" in the series known as... what?",The series is Squid Game.
Artemis II,Jeremy Hansen became the first non-American to orbit the Moon during the mission ___?,Artemis II
Artemis II,Reid Wiseman and Victor Glover were honored at the White House for the success of the lunar flyby mission ___?,Artemis II
Artemis II,The specific mission that successfully completed a loop around the Moon and splashed down in the Pacific is... what?,The mission is Artemis II.
PlayStation 5 Pro,"Sony promoted the ""PSSR"" upscaling technology as the key feature of the ___?",PlayStation 5 Pro
PlayStation 5 Pro,Scalpers struggled to sell inventory of which $700 gaming console due to unexpectedly high retail supply?,The console is the PlayStation 5 Pro.
PlayStation 5 Pro,The specific hardware recommended by developers for the best ray-tracing experience in GTA VI is the... what?,It is the PlayStation 5 Pro.
Shohei Ohtani,The player unanimously voted National League MVP after a historic season with the Dodgers is ___?,Shohei Ohtani
Shohei Ohtani,"The ""50/50 club"" record for home runs and stolen bases was established by whom?",It was established by Shohei Ohtani.
Shohei Ohtani,The jersey that became the global best-seller for the second consecutive year following the World Series belongs to... whom?,It belongs to Shohei Ohtani.
Spotify Wrapped,"The ""Sound Town"" feature was a viral component of the annual user data summary called ___?",Spotify Wrapped
Spotify Wrapped,Bad Bunny and Taylor Swift were named top global artists in the year-end music summary known as ___?,Spotify Wrapped
Spotify Wrapped,"Users were introduced to an ""AI DJ"" narrator in the 2025 edition of the campaign known as... what?",The campaign is Spotify Wrapped.
Stranger Things,"""The Crawl"" was confirmed as the title of the first episode in the final season of ___?",Stranger Things
Stranger Things,"Finn Wolfhard described the final table read for which series as ""heartbreaking""?",The series is Stranger Things.
Stranger Things,The Duffer Brothers released a trailer confirming the 2026 release for the final season of the show... what?,The show is Stranger Things.
Cybercab,The steering-wheel-free autonomous vehicle tested by Tesla in San Francisco is named the ___?,Cybercab
Cybercab,Texas regulators approved the first fully driverless fleet of the Tesla vehicle called the ___?,Cybercab
Cybercab,Elon Musk claimed the cost per mile would be lower than a bus ticket for the vehicle known as... what?,The vehicle is the Cybercab.
Coco Gauff,"The athlete who defended their title at the US Open, winning a second Grand Slam at Arthur Ashe Stadium, is ___?",Coco Gauff
Coco Gauff,New Balance released a signature shoe line in October inspired by the athlete ___?,Coco Gauff
Coco Gauff,The tennis star who appeared on the cover of Vogue following a dominant performance in New York is... who?,It is Coco Gauff.
Tron: Ares,Nine Inch Nails composed the soundtrack for the sci-fi sequel released in October titled ___?,Tron: Ares
Tron: Ares,"Jared Leto stars as the title character entering ""The Grid"" in the film ___?",Tron: Ares
Tron: Ares,"The visual aesthetic of ""red light"" was highlighted in the latest installment of the franchise... what?",The franchise is Tron: Ares.
The White Lotus,The third season of the anthology series set in a resort in Thailand is ___?,The White Lotus
The White Lotus,Natasha Rothwell reprises her role as Belinda in the upcoming season of ___?,The White Lotus
The White Lotus,"Mike White stated the new season would focus on ""death and Eastern religion"" for the series... what?",The series is The White Lotus.
Bitcoin,"The specific asset that surged past a price of $150,000 for the first time in late 2025 is ___?",Bitcoin
Bitcoin,A major US bank launched direct custody services for the cryptocurrency ___?,Bitcoin
Bitcoin,"The ""halving"" event was cited as the catalyst for the bull run of the digital asset known as... what?",The asset is Bitcoin.
Spider-Man 4,Tom Holland confirmed filming begins next summer for the sequel ___?,Spider-Man 4
Spider-Man 4,"Set designers teased a ""street-level"" team-up with Daredevil for the upcoming Marvel project ___?",Spider-Man 4
Spider-Man 4,Zendaya's participation is the subject of speculation for the plot of the film titled... what?,The film is Spider-Man 4.
Nobel Peace Prize,A coalition of youth climate activists was awarded the prestigious ___?,Nobel Peace Prize
Nobel Peace Prize,A diplomatic figure was controversially snubbed for the 2025 iteration of the ___?,Nobel Peace Prize
Nobel Peace Prize,The ceremony on December 10th in Oslo honored the recipients of the humanitarian award... what?,The award is the Nobel Peace Prize.
Yellowstone,The final episodes of the Dutton family saga concluded the Paramount Network series ___?,Yellowstone
Yellowstone,Kevin Costner was notably absent from the finale of the western drama ___?,Yellowstone
Yellowstone,The spinoff series 2024 was announced immediately following the finale of the show... what?,The show is Yellowstone.
Steam Deck 2,"Valve announced a ""Limited Edition Transparent"" version of the handheld device ___?",Steam Deck 2
Steam Deck 2,Valve unveiled a more powerful successor to their handheld PC under the name ___?,Steam Deck 2
Steam Deck 2,"The successor device that promises ""true 1080p gaming on the go"" is the... what?",It is the Steam Deck 2.
Booker Prize,A debut novel set in a flooded London won the literary award known as the ___?,Booker Prize
Booker Prize,The Water's Edge was the controversial winner of the literary prize ___?,Booker Prize
Booker Prize,The shortlist for the UK-based award that featured a record number of American authors is the... what?,The award is the Booker Prize.
Cillian Murphy,The actor filming scenes in Birmingham for the Peaky Blinders movie is ___?,Cillian Murphy
Cillian Murphy,The actor reported to play the villain in the next Bond film according to casting leaks is ___?,Cillian Murphy
Cillian Murphy,The person who produced and starred in the drama Small Things Like These is... who?,The person is Cillian Murphy.
US election,The gubernatorial races in Virginia and New Jersey were analyzed as temperature checks following the ___?,US election
US election,Congressional proposals for voting machine regulations cited lessons from the previous ___?,US election
US election,"Analysts debated the long-term impact of the ""youth vote"" turnout from the major political event... what?",The event was the US election.
Starship,SpaceX successfully caught the Super Heavy booster for the second time during a test of the ___?,Starship
Starship,The HLS lander for Artemis III is a modified version of the vehicle ___?,Starship
Starship,The FAA licensed a high-altitude orbital test from Boca Chica for the rocket... what?,The rocket is Starship.
Severance,"Apple TV+ released the second season answering the mystery of ""The Revolving"" for the show ___?",Severance
Severance,Adam Scott received a Golden Globe nomination for his dual performance as Mark S. in ___?,Severance
Severance,"The ""waffle party"" twist was a major talking point in the season premiere of the series... what?",The series is Severance.
The Bear,Hulu confirmed the fourth season of the kitchen-based drama ___?,The Bear
The Bear,Ayo Edebiri made her directorial debut with a holiday episode of ___?,The Bear
The Bear,Jeremy Allen White trained in a Copenhagen restaurant to prepare for the show... what?,He prepared for The Bear.
Glastonbury,"Tickets for the 2026 festival sold out in record time, crashing the site for the event ___?",Glastonbury
Glastonbury,Organizers announced a ban on disposable vapes for the upcoming edition of the music festival ___?,Glastonbury
Glastonbury,Rumors suggest Eminem and Rihanna will headline the Pyramid Stage at the festival... where?,The festival is Glastonbury.
Minecraft Movie,Jack Black appears as Steve in the trailer for the live-action ___?,Minecraft Movie
Minecraft Movie,The realistic design of the Creepers caused a stir in the footage for the ___?,Minecraft Movie
Minecraft Movie,Jason Momoa stars in the upcoming film based on the sandbox game... what?,It is the Minecraft Movie.
Real Madrid,The football club that topped La Liga heading into the winter break is ___?,Real Madrid
Real Madrid,Injuries to key defenders forced which Spanish club to enter the transfer market?,The club is Real Madrid.
Real Madrid,The team that announced plans to host an NFL game at the Santiago Bernabéu stadium is... who?,The team is Real Madrid.
Taylor Swift,"The ""Eras Tour"" documentary with bonus footage broke streaming records for the artist ___?",Taylor Swift
Taylor Swift,"The artist who released a surprise ""Acoustic Collection"" album in November is ___?",Taylor Swift
Taylor Swift,High NFL viewership for Chiefs games is attributed to the attendance of... whom?,It is attributed to Taylor Swift.
Super Bowl,Kendrick Lamar was announced as the halftime performer for the upcoming event ___?,Super Bowl
Super Bowl,A minor lighting failure at the Caesars Superdome raised questions ahead of the game ___?,Super Bowl
Super Bowl,Commercial slots for the 2026 broadcast reached a record $8 million for the event... what?,The event is the Super Bowl.
Wednesday,Netflix confirmed a Halloween 2026 release for the second season of the show ___?,Wednesday
Wednesday,Jenna Ortega serves as executive producer for the second season of ___?,Wednesday
Wednesday,Steve Buscemi was revealed as a new cast member for the Addams Family spinoff... what?,The spinoff is Wednesday.
Neuralink,Elon Musk claimed a patient played Mario Kart using a mind implant from the company ___?,Neuralink
Neuralink,"The ""Blindsight"" chip, designed to restore vision, received FDA designation for the company ___?",Neuralink
Neuralink,A patient controlled a robotic arm to feed themselves using an interface from the company... what?,The company is Neuralink.
Dua Lipa,"The artist who sold out Wembley Stadium in minutes for the ""Radical Optimism"" tour is ___?",Dua Lipa
Dua Lipa,The star of the Versace winter campaign across major fashion capitals is ___?,Dua Lipa
Dua Lipa,The performer who sang duets with Elton John and Miley Cyrus on an ITV holiday special is... who?,The performer is Dua Lipa.
Shrek 5,DreamWorks released a teaser featuring Donkey to countdown the release of the movie ___?,Shrek 5
Shrek 5,Eddie Murphy confirmed he finished voice work for the upcoming sequel ___?,Shrek 5
Shrek 5,"The original voice cast, including Cameron Diaz, reunited to promote the production of... what?",It is the production of Shrek 5.
Magnesium,A recent randomized trial from Vanderbilt-Ingram Cancer Center identified this specific mineral as the missing key to balancing Vitamin D levels.,Magnesium
Magnesium,New research indicates that Vitamin D supplementation may be ineffective without a sufficient level of the mineral ___?,Magnesium
Magnesium,"To prevent the disruption of Vitamin D balance, a December 2025 study recommends monitoring the intake of which mineral?",Magnesium
Worm,Scientists were baffled when a ten-year deep-sea experiment revealed that none of these bone-eating creatures had colonized the whale skeletons.,Worm
Worm,The absence of which specific decomposer in low-oxygen waters prevented the expected breakdown of whale bones in a recent study?,Worm
Worm,"The ""Zombie"" variety of this creature, usually found feasting on skeletons in the ocean depths, failed to appear in a major 2025 experiment.",Worm
Neffy,What is the brand name of the first needle-free epinephrine nasal spray approved for treating severe allergies in children?,Neffy
Neffy,"The new ""absorption-enhancing"" nasal spray that offers a needle-free alternative to the EpiPen is sold under the name ___?",Neffy
Neffy,"For children weighing 33 to 65 pounds, the FDA recently approved a new anaphylaxis treatment called ___?",Neffy
Labubu,The serrated-toothed fictional character that became a viral sales phenomenon for Pop Mart in late 2025 is named ___?,Labubu
Labubu,"Lisa from Blackpink sparked a massive trend by revealing her obsession with the ""The Monsters"" toy character known as ___?",Labubu
Labubu,"A ""life-sized"" version of which viral toy character was ironically photographed on Karl Marx's grave during the height of the craze?",Labubu
Manta,"Originally misidentified as the giant oceanic species, Mobula yarae was confirmed in late 2025 to be a new species of ___?",Manta
Manta,"The ""Atlantic"" variety of this large marine ray was officially described as a distinct species after DNA testing.",Manta
Manta,"Discovered off the coast of Mexico, the newly identified Mobula yarae is a species of which sea creature?",Manta
Slushy,"The Ninja appliance that became a ""home appliance hit"" in 2025 is designed to make what specific type of frozen drink?",Slushy
Slushy,"Using ""RapidChill Technology,"" the new Ninja machine creates this frozen beverage without the need to add ice.",Slushy
Slushy,"The viral kitchen gadget released in late 2025 is officially named the ""Ninja ___ Professional Frozen Drink Maker.""",Slushy
Hearing,A gene therapy targeting the OTOF gene successfully restored this specific sense in 11 out of 12 children in a recent breakthrough study.,Hearing
Hearing,"The production of the protein Otoferlin is crucial for the function of which human sense, recently treated via gene therapy?",Hearing
Hearing,"Regeneron's new gene therapy uses a harmless virus to deliver a healthy gene to ear cells, effectively reversing the loss of ___?",Hearing
Butterfly,"Discovered in Angola's Namba Mountains in 2025, ""Francis's gorgeous sapphire"" is a new species of ___?",Butterfly
Butterfly,"The newly described Iolaus francisi, noted for its shimmering blue wings and silver underwings, is a type of ___?",Butterfly
Butterfly,"A naturalist identified the new ""sapphire"" species found in the Angolan highlands as a ___?",Butterfly
Magnesium,A major Canadian pharmacy chain recalled a bisglycinate 200mg capsule supplement after regulators said it contained an undeclared oxide form; what supplement was it?,"Magnesium was the recalled supplement, specifically “Life Brand Magnesium Bisglycinate 200mg,” due to an undeclared ingredient (Magnesium Oxide). (Recalls Canada)"
Worm,"In Reuters reporting on ranchers dealing with a flesh-eating pest affecting cattle, they said reporting mattered to build a generalized map of where what was found; what was it?",Worm was what ranchers said should be mapped to understand where the infestation was found. (Reuters)
Neffy,"In September 2025, a needle-free epinephrine nasal spray was approved in Japan as the first and only product of its kind; what was it called?",Neffy was the needle-free epinephrine nasal spray approved in Japan. (ir.ars-pharma.com)
Labubu,A late-December Financial Times report described a Chinese toymaker accelerating overseas expansion amid concerns its viral plush character might be peaking; what character was it?,Labubu was the viral plush character driving the company’s expansion push. (Financial Times)
Manta,"A digital-comics service announced that a feature allowing temporary episode unlocks would return starting July 1, 2025; what service announced this?","Manta announced that the Free Pass feature would be back starting July 1, 2025. (help.manta.net)"
Slushy,UK food regulators launched a summer campaign warning parents not to give under-7s certain ice drinks containing glycerol; what term did the regulator use for those drinks?,Slushy ice drinks containing glycerol were warned against for children under 7. (Food Standards Agency)
Hearing,A late-September 2025 FDA clearance summary described a software-only mobile medical application that amplifies sound for adults with mild-to-moderate impairment when used with compatible wearables; what feature name did the summary give to that capability?,Hearing appears in the FDA-cleared name “Hearing Aid Feature” for the sound-amplification capability. (FDA Access Data)
Butterfly,"Reuters reported that a sanctuary in central Mexico opened to visitors in late November 2025, offering a chance to see millions of orange-hued insects clustered on oyamel fir trees; what insect was it?",Butterfly season in Mexico drew visitors to sanctuaries to see migrating monarchs clustered on fir trees. (Reuters)
Map,A late-December interactive feature visualized where Israel carried out attacks across multiple countries during 2025; what single noun best describes the location-based visual used?,Map was used to display where the attacks took place across countries.
Fire,"In an October 2025 report about missing global deforestation targets, what was one major driver of permanent tree loss cited alongside agriculture?",Fire was cited as a major driver alongside agriculture.
Oasis,"In early July 2025, which Britpop band’s reunion-tour news was widely linked to a spike in ticket demand and scam warnings?",Oasis was the band at the center of the reunion-tour rush.
iPhone,"At Apple’s major late-2025 product launch, what flagship handset line was the headline reveal?",The headline reveal was the iPhone.
Phone,A July 2025 study commissioned by a European government reported better student focus after restricting a common handheld communications device at school; what device was restricted?,Phone restrictions were linked to improved classroom focus in the study.
Rainforest,An October 2025 report from Brazil described Indigenous communities coping with severe drying conditions in the Amazon biome; what biome type was highlighted?,Rainforest conditions in the Amazon were described as increasingly dry and vulnerable.
Forest,"In an October 2025 analysis of global land-use commitments, what ecosystem was reported as suffering millions of hectares of permanent loss in 2024?",Forest loss was reported as a major setback against deforestation goals.
Category,"When Hurricane Melissa reached the top level of the Saffir–Simpson scale before striking Jamaica in late October 2025, what was that level called?",Category 5 was the top level cited in coverage of Hurricane Melissa.
category,"In the same late-October 2025 storm coverage, what term was used immediately before the number “5” to describe the storm’s intensity level?",The storm was described as a category 5 hurricane at peak intensity.
Pixel,"At Google’s late-summer 2025 hardware showcase, what product name did the company use for its flagship smartphone line?",The flagship smartphone line was branded as Pixel.
GTA,"In a November 2025 announcement that pushed a blockbuster game’s release to Nov. 19, 2026, what three-letter acronym was widely used for the title in coverage?",GTA was the acronym used while reporting the delay to November 2026.
Windows,"In October 2025, Microsoft said new AI capabilities would roll out to users of its flagship desktop operating system; what is that operating system called?",Windows was the operating system referenced in the AI-upgrade rollout.
Nintendo Switch,"In late-2025 coverage about the successor to Nintendo’s hybrid console, what was the predecessor console line called?",The predecessor line was the Nintendo Switch.
Zoe Saldaña,A December 2025 preview of the third “Avatar” film listed key returning performers; which actor was named as returning as Neytiri?,Zoe Saldaña was named as returning as Neytiri.
Ariana Grande,"In early September 2025, which singer-actor was highlighted in coverage of that year’s MTV awards nominations?",Ariana Grande was highlighted among the nominees in the coverage.
Lewis Hamilton,"In late-October 2025 Formula One coverage focusing on Ferrari’s headline driver, which seven-time champion was being discussed?",Lewis Hamilton was the seven-time champion in the Ferrari-focused coverage.
David Corenswet,"In July 2025, a DC reboot film released with a new actor in the title role; who played the new Superman?",David Corenswet played the new Superman.
Pedro Pascal,"In July 2025, Marvel promoted a new “Fantastic Four” film with a new Reed Richards; which actor played him?",Pedro Pascal played Reed Richards in the new “Fantastic Four” film.
Squid Game,"In July 2025, Netflix cited the return of which global hit series as helping its performance that quarter?",Squid Game was the hit series cited in the quarterly discussion.
Artemis II,"In late September 2025, NASA said it completed key work on the core stage for which upcoming crewed lunar mission?",Artemis II was the mission referenced in the update.
PlayStation 5 Pro,"During late-December 2025 holiday shopping coverage, what upgraded Sony console model was referenced as being discounted at major retailers?",PlayStation 5 Pro was the upgraded console model discussed in discount coverage.
Shohei Ohtani,"In September 2025, a report highlighted the impact of the Dodgers’ Japanese superstar; who was the player?",Shohei Ohtani was the Dodgers star referenced in the report.
Spotify Wrapped,"In early December 2025, the streaming platform released its annual personalized year-in-review feature; what was it called?",Spotify Wrapped was the annual year-in-review feature.
Stranger Things,"On Dec. 30, 2025, Netflix released a trailer for the series finale of which sci-fi show set in Hawkins?",Stranger Things released its finale trailer via Netflix’s official channel.
Cybercab,"In late October 2025, Tesla debuted a new autonomous-vehicle concept in Shanghai; what name did it give the model?",Cybercab was the name Tesla used for the debuted concept.
Coco Gauff,"In September 2025, which American tennis player won the US Open women’s singles title according to match coverage?",Coco Gauff won the title in the coverage.
Tron: Ares,"In mid-2025, Disney promoted the next installment of its digital-world sci-fi franchise; what was the film titled?",Tron: Ares was the title of the promoted installment.
The White Lotus,"In July 2025 Emmy-nomination coverage, which luxury-resort satire was listed among top drama contenders?",The White Lotus was listed among the drama contenders.
Bitcoin,"In early October 2025 market coverage, what cryptocurrency was described as hitting a new record high?",Bitcoin was the cryptocurrency described as hitting a record high.
Spider-Man 4,"In late-2025 casting coverage, Sadie Sink was reported to be joining Tom Holland’s next web-slinger sequel; what was that sequel commonly called?",Spider-Man 4 was the shorthand name used for the upcoming sequel.
Nobel Peace Prize,"In October 2025, which internationally recognized award was announced in Oslo for major contributions to peace efforts?",The Nobel Peace Prize was the award announced in Oslo.
Yellowstone,"In late July 2025, Paramount confirmed a new sequel series centered on Beth and Rip; what franchise does it belong to?",Yellowstone is the franchise the sequel series belongs to.
Steam Deck 2,"Ahead of CES 2026, Valve downplayed rumors of a new handheld; what name do fans commonly use for a hypothetical second-generation device?",Steam Deck 2 is the fan shorthand for the hypothetical successor.
Booker Prize,"In October 2025, which major literary award was announced for the year’s best English-language novel published in the UK/Ireland?",The Booker Prize was the award announced.
Cillian Murphy,"In late December 2025, a teaser confirmed a return for the upcoming “Peaky Blinders” film; which actor was it?",Cillian Murphy was confirmed to return.
US election,"In August 2025, the Justice Department opened a grand jury probe tied to allegations about interference in a past national vote; what vote was referenced?",The probe revisited allegations connected to the US election.
Starship,"In November 2025, SpaceX reported a major test setback involving its heavy-lift system; what was the system called?",Starship was the system referenced in the test-setback coverage.
Severance,"In July 2025 Emmy-nomination reporting, which Apple TV+ workplace thriller was listed among drama nominees?",Severance was listed among the drama nominees.
The Bear,"In July 2025 Emmy-nomination reporting, which FX/Hulu kitchen drama was explicitly referenced as a major comedy contender?",The Bear was referenced as a major comedy contender.
Glastonbury,"In late-December 2025 UK business reporting, which major music festival’s organizing company was discussed for surging profits?",Glastonbury was the festival discussed in the profits reporting.
Minecraft Movie,"In 2025 box-office reporting, what video-game adaptation was described as approaching a major global revenue milestone?",Minecraft Movie was the adaptation described as nearing the milestone.
Real Madrid,"In early July 2025 football coverage, which Spanish club was at the center of a widely reported controversy or snub?",Real Madrid was the club at the center of the controversy coverage.
Taylor Swift,"In August 2025 music-industry reporting, which artist announced a new studio album titled “The Life of a Showgirl”?",Taylor Swift announced “The Life of a Showgirl.”
Super Bowl,"In September 2025, organizers announced the 2026 halftime headliner and a major guest; what event was this for?",The Super Bowl was the event tied to the halftime announcement.
Wednesday,"In late July 2025, the cast walked a purple carpet in London for the global premiere of a Netflix hit’s season two; what show was it?",Wednesday was the show with the London global premiere.
Neuralink,"In September 2025, Elon Musk’s brain-implant company reported a milestone involving its first patient in Canada; what company was it?",Neuralink reported the milestone involving its first Canadian patient.
Dua Lipa,"In late-December 2025 tabloid coverage, which pop star posted year-end photos that fueled engagement speculation with actor Callum Turner?",Dua Lipa was the pop star featured in the engagement-speculation coverage.
Shrek 5,"In August 2025 release-calendar coverage, which animated ogre sequel was reported as being pushed to a later year?",Shrek 5 was the sequel reported as being pushed.
wind,"In Reuters reporting on the “bomb cyclone” that disrupted flights in Sydney and triggered evacuation warnings, officials said conditions would worsen in the next 24 hours and highlighted two main hazards; what was the hazard mentioned alongside “heavy rain”?","The report said officials warned of heavy rain and strong wind, with a forecast reaching about 125 kph. (Reuters)"
wind,"In Reuters coverage of Typhoon Wipha’s impact on Hong Kong, the city’s weather authorities downgraded the warning to a “No. 3” signal; what specific hazard did that signal explicitly refer to?",Reuters reported that the downgrade was to the “No. 3 strong wind signal.” (Reuters)
wind,"When Hong Kong shut down ahead of Super Typhoon Ragasa, the observatory warned that a particular threat was likely offshore and on high ground; what was it?",The observatory warned that hurricane-force wind was likely offshore and on high ground in Hong Kong. (Reuters)
wind,"In Reuters reporting on the extratropical cyclone that disrupted power, water, and flights in São Paulo, Enel described what battered the region and provided a peak-speed figure; what was it and what peak did Enel report?","Enel said damaging wind battered the region, with gusts up to 98 km/h during the storm’s peak. (Reuters)"
wind,"In Reuters coverage of Winter Storm Ezra snarling U.S. holiday travel, the story explained what a “bomb cyclone” can produce; what was the hurricane-force hazard named in that explanation?",Reuters said a bomb cyclone can produce hurricane-force wind along with heavy precipitation. (Reuters)
Recall,"On Dec. 23, 2025, Reuters reported that Amazon-owned Zoox would bring 332 self-driving vehicles back to address a software issue cited by U.S. regulators; what term did the report use for that action?",Recall was the term used for Zoox bringing 332 vehicles back to address the software issue. (Reuters)
Outage,"In Reuters reporting on Oct. 20, 2025, a DNS-related problem in a major U.S. cloud region kept many apps from locating a key database service; what noun did the story use for the incident?",Outage was the noun Reuters used for the AWS incident tied to the DNS issue. (Reuters)
Strike,"On Dec. 30, 2025, Reuters reported that a major Brazilian oil workers’ union accepted a counteroffer from Petrobras and paused a work stoppage that had begun earlier in the month; what single word describes the paused action?","Strike was suspended after the union accepted Petrobras’ counteroffer, Reuters reported. (Reuters)"
Tariff,"In late-September 2025 Reuters coverage, a U.S. announcement said a 100% levy would apply to certain pharmaceutical imports starting Oct. 1 unless construction on U.S. manufacturing had begun; what singular word names that levy?",Tariff was the word used for the 100% levy on those pharmaceutical imports. (Reuters)
Earthquake,"In Reuters coverage on July 30, 2025, a magnitude 8.8 event off Russia’s Kamchatka coast triggered warnings across the Pacific; what one word names that event?",Earthquake was the term used for the magnitude 8.8 event off Kamchatka. (Reuters)
Eruption,"In Reuters reporting on July 16, 2025, a volcano in southwest Iceland began belching smoke and sending out glowing lava flows; what single word names that volcanic event?",Eruption was the word used for the volcano activity in southwest Iceland. (Reuters)
Ceasefire,"In Reuters reporting published Dec. 30, 2025, a truce between Thailand and Cambodia was described as holding for more than 72 hours after border clashes; what one word did the report use for that truce?",Ceasefire was the word used for the truce holding for more than 72 hours. (Reuters)
Resignation,"On Oct. 6, 2025, Reuters reported that France’s newly appointed prime minister and government stepped down only hours after naming a cabinet; what one word describes that act of stepping down?",Resignation was reported after the newly appointed government stepped down within hours. (Reuters)
Tsunami,"In Reuters coverage of the July 30, 2025 Kamchatka event, authorities issued warnings that reached as far as French Polynesia and Chile; what one word names the phenomenon those warnings referred to?",Tsunami was the phenomenon authorities warned could follow the Kamchatka event. (Reuters)
Drone,"In Reuters coverage of the Thailand–Cambodia truce published Dec. 30, 2025, Thailand cited suspected breaches involving a specific type of unmanned aircraft; what was it?",Drone use was cited by Thailand as a suspected breach that delayed the planned prisoner release. (Reuters)
Recall,"PT. Bahari Makmur Sejati issued a massive safety alert for frozen shrimp due to Cesium-137 contamination, classifying the event as a Class I ___?",Recall
Recall,"Bedner Growers Inc. was forced to pull their cucumbers from shelves in Florida due to Salmonella, initiating a nationwide ___?",Recall
Recall,"The FDA's removal of contaminated ""Prepared Pasta Meals"" from stores in late 2025 is an example of a product... what?",It is a product recall.
Outage,"On October 20, 2025, AWS experienced a massive service disruption in the US-EAST-1 region, an event technically described as an ___?",Outage
Outage,"Snapchat received 3 million user reports during the Amazon Web Services failure, which was labeled the largest internet ___ of the year.",Outage
Outage,"A single DNS failure paralyzed 3,500+ companies in October, marking a significant global network... what?",It was a network outage.
Strike,"In July 2025, 10,000 Philadelphia city workers represented by District Council 33 initiated a weeklong ___?",Strike
Strike,Trash pickup in Philadelphia ceased for a week when municipal employees walked off the job in a major labor ___?,Strike
Strike,"The labor action by 1,000 workers at 65 stores in November 2025 was officially recorded as a ___?",Strike
Tariff,"In Learning Resources v. Trump, the Supreme Court heard arguments regarding the constitutionality of the new 10% ___?",Tariff
Tariff,The average applied US import tax rate rose to 16.8% in November 2025 due to the administration's new ___ policy.,Tariff
Tariff,"On August 7, 2025, additional country-specific import duties were implemented, expanding the scope of the existing... what?",They expanded the tariff.
Earthquake,"On December 6, 2025, a magnitude 7.0 seismic event struck the Southern Yukon-Alaska border, classified as a major ___?",Earthquake
Earthquake,"The Kamchatka Peninsula was hit by a massive Mw 8.8 event on July 29, 2025, recorded as the year's strongest ___?",Earthquake
Earthquake,"Residents in Burwash Landing experienced a swarm of tremors in December, culminating in a magnitude 5.7... what?",It was an earthquake.
Eruption,"The Sabancaya volcano in Peru continued its explosive activity through September 2025, a geological event known as an ___?",Eruption
Eruption,"In August 2025, the Krasheninnikov volcano in Russia began a new phase of activity, officially declared an ___?",Eruption
Eruption,"The Telica volcano in Nicaragua began spewing ash and gas in July 2025, marking the start of a new... what?",It was an eruption.
Ceasefire,"On October 10, 2025, Israel and Hamas implemented a new agreement to halt fighting, officially termed a ___?",Ceasefire
Ceasefire,"After failed attempts in March, a deal approved by Israel's cabinet brought a temporary pause to hostilities, known as a ___?",Ceasefire
Ceasefire,"The ""sustainable calm"" agreement that took effect in late 2025 to allow hostage exchanges was technically a... what?",It was a ceasefire.
Resignation,"On October 27, 2025, CBS News anchor John Dickerson announced his departure from the network, a move classified as a ___?",Resignation
Resignation,"Citing concerns over editorial independence, a high-profile CBS journalist formally submitted his ___?",Resignation
Resignation,The exit of the CBS Evening News anchor in late 2025 was the latest high-profile ___ at the network.,Resignation
Tsunami,"The 8.8 magnitude quake in Kamchatka on July 29, 2025, generated a massive ocean wave known as a ___?",Tsunami
Tsunami,Runup heights of 17-19 meters were observed in the Kuril Islands following the July 2025 ___?,Tsunami
Tsunami,The Pacific Tsunami Warning Center issued alerts for the US West Coast following the massive Kamchatka... what?,They followed the tsunami.
Drone,"FlytBase's 2025 technology allows a fleet of UAVs to coordinate autonomously using ""Swarm Intelligence,"" a breakthrough in ___ tech.",Drone
Drone,"The ""All-Weather Autonomy"" feature released in late 2025 enables continuous inspection operations for which type of vehicle?",Drone
Drone,"New ""Edge AI"" processing allows UAVs to detect anomalies in real-time without cloud connectivity, advancing the field of ___?",Drone
AWS re:Invent,"What major cloud computing conference took place in Las Vegas from December 1st to December 5th, 2025?",AWS re:Invent
"December 1–5, 2025",When did the global cloud computing conference AWS re:Invent take place in Las Vegas?,"December 1–5, 2025"
COP30,"What major UN climate conference took place in Belém, Brazil, from November 10th to November 21st, 2025?",COP30
"November 10–21, 2025","When did the COP30 UN climate summit take place in Belém, Brazil?","November 10–21, 2025"
Web Summit,"What technology conference brought over 70,000 attendees to Lisbon from November 10th to November 13th, 2025?",Web Summit
"November 10–13, 2025",When did the annual technology conference Web Summit take place in Lisbon?,"November 10–13, 2025"
G20 Summit,"What gathering of world leaders took place in Johannesburg, South Africa, on November 22nd and 23rd, 2025?",G20 Summit
"November 22–23, 2025","When did the G20 Summit take place in Johannesburg, South Africa?","November 22–23, 2025"
APEC Summit,"What economic forum was hosted in Gyeongju, South Korea, from October 31st to November 1st, 2025?",APEC Summit
"Oct 31–Nov 1, 2025","When did the APEC Summit take place in Gyeongju, South Korea?","Oct 31–Nov 1, 2025"
Venice Film Festival,"What prestigious cinema event took place in Italy from August 27th to September 6th, 2025?",Venice Film Festival
"Aug 27–Sept 6, 2025",When did the 82nd annual Venice Film Festival take place?,"Aug 27–Sept 6, 2025"
Dreamforce,"What massive Salesforce annual event took place in San Francisco from October 14th to October 16th, 2025?",Dreamforce
"October 14–16, 2025",When did the Salesforce event Dreamforce take place in San Francisco?,"October 14–16, 2025"
Microsoft Ignite,"What developer and IT professional conference took place in San Francisco from November 18th to November 21st, 2025?",Microsoft Ignite
"November 18–21, 2025",When did the Microsoft Ignite conference take place in San Francisco?,"November 18–21, 2025"
Nobel Peace Prize,"What specific award ceremony took place in Oslo, Norway, on December 10, 2025?",Nobel Peace Prize
"December 10, 2025",When did the Nobel Peace Prize award ceremony take place in Oslo?,"December 10, 2025"
UN General Assembly,"What major diplomatic ""High-Level Week"" took place in New York from September 23rd to September 29th, 2025?",UN General Assembly
"September 23–29, 2025",When did the High-Level Week of the UN General Assembly take place in New York?,"September 23–29, 2025"
"August 13, 2025",When was the Yesh Atid parliamentarian Adi Ezuz sworn in as a member of the Knesset?,"August 13, 2025"
Adi Ezuz,"On August 13, 2025, who entered the Knesset to replace Idan Roll in the Yesh Atid faction?",Adi Ezuz
"July 10, 2025",When was Akram Hasson sworn in as a member of Knesset for the New Hope party?,"July 10, 2025"
Akram Hasson,"On July 10, 2025, who entered the Knesset to replace Gideon Sa'ar for the New Hope faction?",Akram Hasson
"July 8, 2025",When did Yael Ron Ben-Moshe begin her term as a member of Knesset for the National Unity Party?,"July 8, 2025"
Yael Ron Ben-Moshe,"On July 8, 2025, who was sworn in as a member of Knesset replacing Matan Kahana?",Yael Ron Ben-Moshe
"July 4, 2025",When did Eitan Ginzburg return to the Knesset as a member of the National Unity Party?,"July 4, 2025"
Eitan Ginzburg,"On July 4, 2025, who entered the Knesset to replace Gadi Eisenkot in the National Unity faction?",Eitan Ginzburg
"July 17, 2025",When did the United Torah Judaism politician Meir Porush resume his service as a member of Knesset?,"July 17, 2025"
Meir Porush,"On July 17, 2025, who re-entered the Knesset to replace Moshe Roth in the UTJ faction?",Meir Porush
"July 2, 2025",When was Eliyahu Baruchi sworn in as a member of Knesset for the United Torah Judaism party?,"July 2, 2025"
Eliyahu Baruchi,"On July 2, 2025, who entered the Knesset to replace Yaakov Tesler in the UTJ faction?",Eliyahu Baruchi
"July 20, 2025",When did the Shas politician Yakov Margi resume his term as a member of Knesset?,"July 20, 2025"
Yakov Margi,"On July 20, 2025, who re-entered the Knesset under the Norwegian Law, replacing Simon Moshiashvili?",Yakov Margi
"July 16, 2025",When was Uri Maklev sworn in to replace Eliyahu Baruchi as a member of Knesset?,"July 16, 2025"
Uri Maklev,"On July 16, 2025, who entered the Knesset to serve in the United Torah Judaism faction?",Uri Maklev
Map,"In late 2025, analysts circulated a visual showing commercial flights diverting around a major Atlantic storm—what was that visual called?",The Map of flight tracks showed aircraft routing around the storm.
Map,"When the storm’s path shifted, what kind of updated route visual did reports say people were refreshing to follow the diversions?",A live Map was used to track how routes changed as the storm moved.
Fire,"In mid-December 2025, a deadly incident at a nightlife venue in Jakarta was widely reported—what was the incident described as?",The Fire spread rapidly through the venue and caused multiple fatalities.
Fire,What single word was used in reports to describe the fast-moving blaze at that Jakarta venue?,Investigators described it as a Fire that escalated within minutes.
Oasis,"In July 2025, which Britpop band’s reunion shows were confirmed after years of speculation?",Oasis confirmed reunion performances scheduled for 2025.
Oasis,Which group behind “Wonderwall” was reported to be returning for headline concerts in 2025?,Oasis was the band reported to be returning to the stage.
iPhone,"At Apple’s September 2025 product launch, what flagship smartphone line was unveiled?",Apple unveiled the iPhone lineup during its September 2025 event.
iPhone,Reports about Apple’s fall 2025 keynote centered on a new handset family—what was it called?,The iPhone was the headline product line discussed in the coverage.
Phone,"In December 2025, a European legislature voted to restrict students’ use of a specific device on school grounds—what device was it?",The Phone was the device students were told to switch off and put away.
Phone,What single device name appeared in reporting about new school restrictions aimed at reducing distractions?,The policy targeted the Phone as the main source of classroom distraction.
Rainforest,"In late 2025 coverage of Amazon conditions and environmental risk, what ecosystem was repeatedly referenced?",The Rainforest was cited as the ecosystem under heightened stress.
Rainforest,Reporting on South American environmental pressures focused on a single biome—what was it called?,The Amazon Rainforest was the biome at the center of the discussion.
Forest,"In October 2025 reporting on global tree-cover loss, what land type was highlighted as being lost at large scale?",The Forest was identified as the land type experiencing significant loss.
Forest,"In 2025 reporting about deforestation targets and monitoring, what broad natural resource was central to the story?",Forest protection was described as a key lever for emissions and biodiversity.
Category,"When the Atlantic storm strengthened into the top tier in October 2025 reporting, what single classification word was used to describe its level?",It reached the highest Category on the scale used in coverage.
Category,"In reports describing the storm’s intensity rating, what term introduced the numeric level (e.g., “5”)?",The storm was described using the term Category to label its level.
category,"In reporting about how intensity levels are labeled for major storms, what lowercase term was used to introduce the number?",The storm’s top-end rating used the word category before the number.
category,"In coverage explaining the storm-strength scale, what lowercase label preceded the level designation?",It was described as a category rating used to communicate severity.
Pixel,"In late-summer 2025, Google announced a new flagship handset line—what was the product name used in headlines?",Pixel was the product name used for Google’s new handset launch.
Pixel,Coverage of Google’s 2025 hardware updates focused on a specific phone family—what was it called?,The Pixel line was the phone family highlighted in the announcement.
GTA,"In autumn 2025, the highly anticipated open-world sequel’s schedule change dominated gaming news—what franchise name was commonly used?",GTA was the franchise name repeatedly cited in coverage of the delay.
GTA,"When the publisher pushed the next major release back, what shorthand did media use to refer to the series?",GTA was the shorthand widely used to identify the series.
Windows,"In late 2025, Microsoft documentation described a new release cadence for its desktop OS—what OS name appeared throughout?",Windows was the OS name referenced across the update documentation.
Windows,"In 2025 coverage about update channels and support timelines, what operating system name anchored the discussion?",Windows was the platform discussed in the support and update notes.
Nintendo Switch,"In late-2025 coverage about next-gen plans and compatibility, what current hybrid console name kept appearing?",Nintendo Switch was repeatedly cited as the baseline console for compatibility.
Nintendo Switch,Reports about Nintendo’s transition period referenced the existing console line—what was it called?,Nintendo Switch remained the name used for the current-gen platform.
Zoe Saldaña,"In December 2025 film coverage focused on the performer returning to the “Avatar” universe, who was named?",Zoe Saldaña was named as a returning star in the franchise coverage.
Zoe Saldaña,Reports about upcoming “Avatar” installments referenced one cast member prominently—who was it?,Zoe Saldaña was the cast member repeatedly referenced in the reporting.
Ariana Grande,"In September 2025 music-award coverage, which pop star was frequently mentioned in relation to nominations and performances?",Ariana Grande was highlighted in the awards coverage and nominee chatter.
Ariana Grande,Reporting around a major U.S. music awards broadcast repeatedly cited a specific pop vocalist—who was it?,Ariana Grande was one of the names emphasized in the reporting.
Lewis Hamilton,"In late-2025 Formula 1 coverage about team dynamics and future plans, which driver name was repeatedly cited?",Lewis Hamilton was central to the discussion about top-team direction.
Lewis Hamilton,"When coverage discussed the championship veteran’s next chapter, which name led the headlines?",Lewis Hamilton was the driver referenced in those reports.
David Corenswet,"In July 2025 film news about the new “Superman,” which actor’s name was cited as playing the lead?",David Corenswet was identified as the actor playing Superman.
David Corenswet,Coverage of the 2025 “Superman” trailer referenced the new lead actor—who was he?,David Corenswet was the lead actor mentioned in the trailer coverage.
Pedro Pascal,"In July 2025 coverage of Marvel casting and a high-profile team film, which actor was cited for a major role?",Pedro Pascal was cited as part of the film’s headline cast.
Pedro Pascal,Reports about a Marvel ensemble film repeatedly named one actor for a central character—who was it?,Pedro Pascal was the actor repeatedly named in that reporting.
Squid Game,"In late-2025 Netflix announcements about its Korean survival thriller’s next chapter, what series title was being discussed?",Squid Game was the series title referenced in the new-season announcement.
Squid Game,Coverage of Netflix’s plans for its global breakout Korean show asked one question: what show was it?,Squid Game was the show at the center of the update.
Artemis II,"In 2025 space-program scheduling updates, what crewed lunar mission name was repeatedly used?",Artemis II was the mission name used for the crewed lunar flyby plan.
Artemis II,Coverage discussing NASA’s next crewed step toward the Moon referenced a specific mission—what was it called?,Artemis II was the mission referenced as the next crewed milestone.
PlayStation 5 Pro,"In late-December 2025 deal coverage about Sony’s mid-cycle hardware refresh, what exact console name was cited?",PlayStation 5 Pro was the console name highlighted in the discount coverage.
PlayStation 5 Pro,Reports about holiday pricing for Sony’s upgraded console used a specific product name—what was it?,PlayStation 5 Pro was the name used to describe the upgraded model on sale.
Shohei Ohtani,"In September 2025 MLB coverage about historic two-way performance and the Dodgers, who was named?",Shohei Ohtani was named in coverage of the Dodgers’ standout star.
Shohei Ohtani,Reports about a milestone season for the Dodgers’ marquee player centered on one person—who was it?,Shohei Ohtani was the player referenced throughout those reports.
Spotify Wrapped,"In December 2025, which annual listening recap feature was widely reported as being released?",Spotify Wrapped was the feature released for year-end listening summaries.
Spotify Wrapped,Coverage about year-end music stats referenced one branded recap—what was it called?,Spotify Wrapped was the recap experience described in the reporting.
Stranger Things,"In late-2025 updates about Netflix’s long-running Hawkins sci-fi series, what title was referenced?",Stranger Things was the title referenced in the update about the final chapter.
Stranger Things,"When reporting discussed the next release window for Netflix’s 1980s-set sci-fi drama, what show name appeared?",Stranger Things was the show name cited in those reports.
Cybercab,"In autumn 2025 reporting about Tesla’s robotaxi concept showcase, what product name was used?",Cybercab was the name used for Tesla’s robotaxi concept in coverage.
Cybercab,Reports about Tesla’s latest autonomy marketing push referenced a specific vehicle concept—what was it called?,Cybercab was the concept name repeatedly used in the story.
Coco Gauff,"In October 2025 tennis reporting about a top American’s season performance and rankings, who was named?",Coco Gauff was the player named in that late-season coverage.
Coco Gauff,Coverage discussing a high-profile U.S. tennis player’s results repeatedly used one name—who was it?,Coco Gauff was the name most frequently cited in the reports.
Tron: Ares,"In July 2025 coverage about Disney’s next installment in its cyber-world franchise, what exact title was reported?",Tron: Ares was the title reported for the upcoming installment.
Tron: Ares,Reports about the next film in the legacy sci-fi series referenced a subtitle—what was it?,Tron: Ares was the subtitle used in the coverage.
The White Lotus,"In mid-2025 awards coverage, what HBO drama anthology title was frequently referenced among nominees?",The White Lotus was cited among the notable awards contenders.
The White Lotus,Reporting about prestige-TV nominations repeatedly referenced one resort-set series—what was it called?,The White Lotus was the series name referenced in those reports.
Bitcoin,"In early October 2025 markets coverage about an all-time high above $125,000, what asset was being discussed?",Bitcoin was the asset reported to have reached a record price level.
Bitcoin,"In October 2025 reporting about crypto breaking new highs, what was the currency name used?",Bitcoin was named as the currency hitting the new peak.
Spider-Man 4,"In late-December 2025 reporting about the next Tom Holland Marvel sequel and a new cast addition, what shorthand label was used?",Spider-Man 4 was the shorthand label used for the upcoming sequel in coverage.
Spider-Man 4,Coverage about a 2026 release and secrecy around a new role referenced the next installment by a common shorthand—what was it?,Spider-Man 4 was the shorthand used when discussing the next film.
Nobel Peace Prize,"In October 2025, Oslo hosted the announcement of a major international award—what was it called?",The Nobel Peace Prize was the award announced in Oslo that day.
Nobel Peace Prize,Reporting about the annual Nobel announcements referenced one prize specifically tied to peace—what was it?,The Nobel Peace Prize was the prize referenced in the announcement coverage.
Yellowstone,"In 2025 coverage about expansions of a modern Western TV universe, what flagship series name anchored the discussion?",Yellowstone was the flagship name anchoring the spinoff discussion.
Yellowstone,Reporting about upcoming related series referenced the original franchise title—what was it?,Yellowstone was the franchise title cited in the spinoff coverage.
Steam Deck 2,"In late-2025 reporting about Valve’s handheld roadmap and next-gen timing, what product name was repeatedly referenced?",Steam Deck 2 was the product name used when discussing a next-gen device.
Steam Deck 2,Coverage about Valve’s approach to a successor device used one shorthand name—what was it?,Steam Deck 2 was the shorthand name used for the successor discussion.
Booker Prize,"In October 2025 reporting about a major English-language fiction award, what prize name was cited?",The Booker Prize was the award referenced in the winner announcement.
Booker Prize,Coverage of a top literary award ceremony centered on one prize title—what was it?,The Booker Prize was the prize title used in the reporting.
Cillian Murphy,"In late-December 2025, Netflix released a teaser for a “Peaky Blinders” film—what actor’s name was highlighted as returning?",Cillian Murphy was highlighted as returning in the “Peaky Blinders” film teaser.
Cillian Murphy,Reporting about the “Peaky Blinders” movie emphasized the return of its lead—who was it?,Cillian Murphy was the returning lead mentioned in the coverage.
US election,"In December 2025 political reporting about the next year’s U.S. national vote, what phrase was used to describe the contest?",The US election was described as the looming political test for 2026.
US election,Coverage about campaign strategy and headwinds for the coming U.S. vote used what two-word phrase?,The US election was the phrase used to describe the coming national contest.
Starship,"In late-2025 coverage of SpaceX testing and investigations, what vehicle name was repeatedly referenced?",Starship was the vehicle name referenced in the testing coverage.
Starship,Reporting about SpaceX’s next test flight milestones focused on what spacecraft name?,Starship was the spacecraft name used in those reports.
Severance,"In 2025 awards-season coverage, what Apple TV+ workplace sci-fi drama title was repeatedly cited?",Severance was cited as a major contender in the nominations coverage.
Severance,Reporting about top nominations for prestige TV referenced one Apple TV+ series title—what was it?,Severance was the series name referenced among the leading nominees.
The Bear,"In 2025 nominations coverage, what FX restaurant-set comedy-drama title was repeatedly named?",The Bear was repeatedly named among the most-nominated shows.
The Bear,Reporting about a leading awards contender from FX referenced what two-word title?,The Bear was the title repeatedly referenced in the nominations coverage.
Glastonbury,"In September 2025, festival organizers confirmed dates for the next edition after the fallow year—what festival name was referenced?",Glastonbury was the festival name referenced in the 2027 date confirmation.
Glastonbury,Late-2025 coverage about the post-fallow return of a major UK festival referenced which event by name?,Glastonbury was the event named in the update about its return schedule.
Minecraft Movie,"In late-2025 film-industry coverage about a major game adaptation and its release strategy, what title was used?",Minecraft Movie was the title referenced in coverage of the adaptation.
Minecraft Movie,Reporting about a high-profile video-game adaptation referenced a specific film title—what was it?,Minecraft Movie was the name used to identify the adaptation in reports.
Real Madrid,"In December 2025 match coverage about a 2–0 win over Sevilla, what club name was cited?",Real Madrid was the club credited with the 2–0 victory.
Real Madrid,"In late-2025 reporting about a LaLiga match featuring Sevilla, what team name appeared as the winner?",Real Madrid was the team named as the winner in that match report.
Taylor Swift,"In August 2025 reporting about a major pop tour and business milestones, what artist name dominated headlines?",Taylor Swift was the artist name dominating that late-summer coverage.
Taylor Swift,Coverage of a major 2025 music-business development referenced one performer repeatedly—who was it?,Taylor Swift was the performer repeatedly referenced in the reports.
Super Bowl,"In October 2025 coverage about next year’s NFL championship spectacle and its entertainment plans, what event name was cited?",Super Bowl was the event name cited in the coverage of the upcoming show.
Super Bowl,Reporting about the headline entertainment slot for the NFL title game referenced what two-word event name?,Super Bowl was the event referenced as the centerpiece broadcast.
Wednesday,"In late-2025 Netflix teasers about the Addams Family spinoff, what single-word title was referenced?",Wednesday was the title referenced in the teaser and release-window coverage.
Wednesday,Coverage about the Addams Family spinoff’s next season asked one question: what show title was it?,Wednesday was the show title cited in the season update.
Neuralink,"In September 2025 reporting on brain-computer interface implants, what company name was cited as reaching 12 recipients?",Neuralink was cited as having implanted devices in 12 people.
Neuralink,Coverage about an expanded human implant count used what company name?,Neuralink was the company name referenced in the implant update.
Dua Lipa,"In December 2025 reporting about a Mexico City fan event tied to a tour stop, what performer’s name was highlighted?",Dua Lipa was the performer celebrated at the Mexico City pop-up event.
Dua Lipa,Coverage of a themed pop-up tied to a global tour stop centered on which artist?,Dua Lipa was the artist named in the report about the fan event.
Shrek 5,"In August 2025 coverage about an animated sequel’s schedule change, what exact title was referenced?",Shrek 5 was the title referenced in the release-date update.
Shrek 5,Reporting about the next installment in the ogre franchise referenced what exact sequel name?,Shrek 5 was the sequel name used in the coverage.
Magnesium,"In August 2025 consumer-safety notices about high-dose supplements, what mineral was highlighted?",Magnesium was highlighted in warnings about high-dose supplement products.
Magnesium,Reporting about a supplement alert referenced one nutrient repeatedly—what was it?,Magnesium was the nutrient named in the safety notice coverage.
Worm,"In September 2025 agricultural coverage about a parasitic outbreak affecting livestock, what single word was used in simplified summaries?",Worm was used in simplified summaries discussing the parasitic threat.
Worm,Reports about a livestock parasite problem in 2025 were often shortened to a one-word label—what was it?,Worm was the one-word label often used when summarizing the outbreak.
Neffy,"In late-December 2025 updates about a needle-free epinephrine nasal spray entering a new market, what brand name was cited?",Neffy was cited as receiving a new market authorization.
Neffy,Coverage of a regulatory decision for a nasal emergency allergy treatment referenced what product name?,Neffy was the product name referenced in the approval update.
Labubu,"In late-2025 coverage about Pop Mart’s viral character toy, what character name was repeatedly used?",Labubu was the character name repeatedly cited in trend coverage.
Labubu,Reporting about a collectible toy craze centered on one named character—what was it?,Labubu was the named character at the center of the craze.
Manta,"In July 2025 aquarium science news about identifying a new species of giant ray, what short name could you use for the animal group?",Manta was the short name used for the giant ray group in the discovery coverage.
Manta,Reporting about newly recognized giant-ray species referenced what one-word group label?,Manta was the label used to describe the ray group in the announcement.
Slushy,"In October 2025 food-safety alerts about a frozen drink product and labeling concerns, what one-word descriptor fits the drink type?",Slushy was the descriptor used for the drink type discussed in the alert.
Slushy,Coverage of a food-authority product notice involved a frozen flavored drink—what was it broadly described as?,The notice described a Slushy-style drink as the affected product type.
Hearing,"In October 2025 U.S. political coverage about a Senate confirmation session for a senior official, what single word labels that session?",The Hearing drew attention because it signaled the nominee’s path to confirmation.
Hearing,Coverage of a nominee’s Capitol Hill appearance used what one-word label for the session?,The Hearing was the central event described in the confirmation coverage.
Butterfly,"In September 2025 reporting about a nationwide insect count in the UK, what insect name was emphasized?",Butterfly numbers were highlighted in the annual count results.
Butterfly,Coverage about the UK’s annual insect survey referenced which insect by name?,Butterfly counts were used as an indicator of habitat health.
Recall,"In late-2025 reporting about aviation and product-safety actions, what one-word label describes an official product pullback?",A Recall was issued as part of the safety action described in reports.
Recall,"When a manufacturer announced a safety action affecting many units, what is that action commonly called?",The company initiated a Recall to address the identified safety risk.
Outage,"In December 2025 coverage about a major platform disruption affecting users worldwide, what one-word label describes the event?",The Outage disrupted normal service access for users during the incident.
Outage,Reports about service interruptions for a major consumer platform used what one-word incident label?,The Outage was widely reported as the cause of user access issues.
Strike,"In late-December 2025 reporting about industrial labor action at a major company, what one-word label describes the work stoppage?",The Strike was framed as a pressure tactic in wage and contract talks.
Strike,Coverage of workers refusing shifts during contract negotiations used what one-word label?,The Strike was reported as affecting operations and schedules.
Tariff,"In late-2025 trade reporting about new import duties and retaliation risk, what one-word policy instrument was referenced?",The Tariff was discussed as a lever in escalating trade policy.
Tariff,Coverage about changes to import charges repeatedly referenced what one-word tool?,A Tariff was cited as reshaping prices and supply chains.
Earthquake,"In late-2025 reporting about a high-magnitude tremor and casualties, what one-word event label was used?",The Earthquake caused damage and prompted emergency response measures.
Earthquake,Reports about a deadly tremor in 2025 referred to the event by what single word?,The Earthquake was the central event described in the disaster coverage.
Eruption,"In July 2025 coverage about renewed volcanic activity in Iceland, what one-word event label describes the phenomenon?",The Eruption drew attention due to repeated volcanic activity in the region.
Eruption,Reporting about lava and fissure activity used what one-word label for the event?,The Eruption was cited as part of a continuing sequence of events.
Ceasefire,"In October 2025 reporting about a truce arrangement in a major conflict zone, what one-word label described the agreement?",The Ceasefire was described as a pause intended to halt active fighting.
Ceasefire,Coverage about a negotiated pause in hostilities used what one-word label for the arrangement?,The Ceasefire was the term used to describe the agreed pause.
Resignation,"In late-December 2025 political reporting about a leader stepping down from a role, what one-word label describes that action?",The Resignation triggered immediate questions about succession and stability.
Resignation,Coverage describing a leader’s decision to step aside used what single word?,The Resignation was reported as a significant political turning point.
Tsunami,"In October 2025 reporting about a coastal warning later lifted, what one-word label describes the wave hazard?",The Tsunami warning was issued and later canceled as conditions changed.
Tsunami,Coverage about an emergency alert for coastal waves used what one-word hazard label?,The Tsunami threat prompted temporary advisories before being cleared.
Drone,"In late-2025 reporting about airport disruptions and security responses, what one-word label describes the uncrewed aircraft at issue?",A Drone sighting triggered precautionary shutdowns and investigations.
Drone,Coverage about new rules and incidents involving uncrewed aircraft used what one-word label?,Drone operations were the focus of the rule changes and incident reports.
Rugby World Cup,"What major women's sporting tournament concluded with a final match on September 27, 2025, in London?",Rugby World Cup
"Sept 27, 2025",When was the final match of the 2025 Women's Rugby World Cup played?,"Sept 27, 2025"
Expo 2025 Osaka,"What global exhibition officially closed its doors in Japan on October 13, 2025?",Expo 2025 Osaka
"Oct 13, 2025",When did the Expo 2025 Osaka officially end?,"Oct 13, 2025"
World Athletics,"What major track and field championship took place in Tokyo from September 13 to September 21, 2025?",World Athletics
"Sept 13–21, 2025",When did the World Athletics Championships take place in Tokyo?,"Sept 13–21, 2025"
Abu Dhabi Grand Prix,"What Formula 1 season finale event took place on December 7, 2025?",Abu Dhabi Grand Prix
"Dec 7, 2025",When did the Abu Dhabi Grand Prix take place?,"Dec 7, 2025"
The Game Awards,"What annual video game awards show took place in Los Angeles on December 12, 2025?",The Game Awards
"Dec 12, 2025",When did The Game Awards 2025 take place?,"Dec 12, 2025"
IFA Berlin,"What consumer electronics trade show took place in Germany from September 5 to September 9, 2025?",IFA Berlin
"Sept 5–9, 2025",When did the IFA Berlin trade show take place?,"Sept 5–9, 2025"
Tokyo Game Show,"What video game expo took place in Japan from September 25 to September 28, 2025?",Tokyo Game Show
"Sept 25–28, 2025",When did the Tokyo Game Show 2025 take place?,"Sept 25–28, 2025"
Art Basel Miami,"What international art fair took place in Miami Beach from December 4 to December 7, 2025?",Art Basel Miami
"Dec 4–7, 2025",When did Art Basel Miami Beach 2025 take place?,"Dec 4–7, 2025"
Word,Question,Answer
"Nov 4, 2025",When was Zohran Mamdani elected to serve as the Mayor of New York City?,"Nov 4, 2025"
Zohran Mamdani,"On November 4, 2025, who was elected to serve as the Mayor of New York City?",Zohran Mamdani
"Nov 4, 2025",When was Abigail Spanberger elected to serve as the Governor of Virginia?,"Nov 4, 2025"
Abigail Spanberger,"On November 4, 2025, who was elected to serve as the Governor of Virginia?",Abigail Spanberger
"Nov 4, 2025",When was Mikie Sherrill elected to serve as the Governor of New Jersey?,"Nov 4, 2025"
Mikie Sherrill,"On November 4, 2025, who was elected to serve as the Governor of New Jersey?",Mikie Sherrill
"Nov 4, 2025",When was Katie Wilson elected to serve as the Mayor of Seattle?,"Nov 4, 2025"
Katie Wilson,"On November 4, 2025, who was elected to serve as the Mayor of Seattle?",Katie Wilson
"Nov 4, 2025",When was James Solomon elected to serve as the Mayor of Jersey City?,"Nov 4, 2025"
James Solomon,"On November 4, 2025, who was elected to serve as the Mayor of Jersey City?",James Solomon
"Nov 4, 2025","When was Sean Ryan elected to serve as the Mayor of Buffalo, New York?","Nov 4, 2025"
Sean Ryan,"On November 4, 2025, who was elected to serve as the Mayor of Buffalo, New York?",Sean Ryan
"Nov 4, 2025","When was Dorcey Applyrs elected to serve as the Mayor of Albany, New York?","Nov 4, 2025"
Dorcey Applyrs,"On November 4, 2025, who was elected to serve as the Mayor of Albany, New York?",Dorcey Applyrs
"Nov 4, 2025",When was Corey O'Connor elected to serve as the Mayor of Pittsburgh?,"Nov 4, 2025"
Corey O'Connor,"On November 4, 2025, who was elected to serve as the Mayor of Pittsburgh?",Corey O'Connor
"Nov 4, 2025","When was Wanda Williams elected to serve as the Mayor of Harrisburg, Pennsylvania?","Nov 4, 2025"
Wanda Williams,"On November 4, 2025, who was elected to serve as the Mayor of Harrisburg, Pennsylvania?",Wanda Williams
"Nov 4, 2025",When was Justin Bibb re-elected to serve as the Mayor of Cleveland?,"Nov 4, 2025"
Justin Bibb,"On November 4, 2025, who was re-elected to serve as the Mayor of Cleveland?",Justin Bibb
"Nov 4, 2025",When was Aftab Pureval re-elected to serve as the Mayor of Cincinnati?,"Nov 4, 2025"
Aftab Pureval,"On November 4, 2025, who was re-elected to serve as the Mayor of Cincinnati?",Aftab Pureval
"Nov 4, 2025",When was Wade Kapszukiewicz re-elected to serve as the Mayor of Toledo?,"Nov 4, 2025"
Wade Kapszukiewicz,"On November 4, 2025, who was re-elected to serve as the Mayor of Toledo?",Wade Kapszukiewicz
"Nov 4, 2025",When was Michelle Wu re-elected to serve as the Mayor of Boston?,"Nov 4, 2025"
Michelle Wu,"On November 4, 2025, who was re-elected to serve as the Mayor of Boston?",Michelle Wu
"Nov 4, 2025",When was Andre Dickens re-elected to serve as the Mayor of Atlanta?,"Nov 4, 2025"
Andre Dickens,"On November 4, 2025, who was re-elected to serve as the Mayor of Atlanta?",Andre Dickens
"Nov 4, 2025",When was Andy Schor re-elected to serve as the Mayor of Lansing?,"Nov 4, 2025"
Andy Schor,"On November 4, 2025, who was re-elected to serve as the Mayor of Lansing?",Andy Schor
"Nov 4, 2025",When was Jacob Frey re-elected to serve as the Mayor of Minneapolis?,"Nov 4, 2025"
Jacob Frey,"On November 4, 2025, who was re-elected to serve as the Mayor of Minneapolis?",Jacob Frey
"Nov 4, 2025",When was Kaohly Her elected to serve as the Mayor of St. Paul?,"Nov 4, 2025"
Kaohly Her,"On November 4, 2025, who was elected to serve as the Mayor of St. Paul?",Kaohly Her
"Nov 4, 2025","When was Byron Champlin re-elected to serve as the Mayor of Concord, NH?","Nov 4, 2025"
Byron Champlin,"On November 4, 2025, who was re-elected to serve as the Mayor of Concord, NH?",Byron Champlin
"Nov 4, 2025",When was Tim Keller re-elected to serve as the Mayor of Albuquerque?,"Nov 4, 2025"
Tim Keller,"On November 4, 2025, who was re-elected to serve as the Mayor of Albuquerque?",Tim Keller
"Nov 4, 2025",When was Mary Sheffield elected to serve as the Mayor of Detroit?,"Nov 4, 2025"
Mary Sheffield,"On November 4, 2025, who was elected to serve as the Mayor of Detroit?",Mary Sheffield
